app,time,tot_time
com.gamma.scan,3329,0
org.telegram.messenger.web,3576,0
com.whatsapp,3489,0
com.instagram.android,3458,0
com.facebook.orca,3949,0
com.zzkko,3381,0
com.disney.disneyplus,3291,0
com.snapchat.android,3359,0
com.facebook.lite,3371,0
com.ubercab,3385,0
com.mcdonalds.mobileapp,3360,0
com.netflix.mediaclient,3327,0
com.discord,3287,0
com.duolingo,3369,0
com.ebay.mobile,3397,0
com.outfit7.talkingnewsfree,3349,0
com.pinterest,3413,0
tv.twitch.android.app,3576,0
kjv.bible.kingjamesbible,3410,0
com.tinder,3453,0
com.expedia.bookings,3419,0
com.indeed.android.jobsearch,3402,0
com.contextlogic.wish,3515,0
com.alibaba.intl.android.apps.poseidon,3553,0
com.meditation.deepsleep.relax,3422,0
me.lyft.android,3284,0
com.yahoo.mobile.client.android.mail,3420,0
com.linkedin.android,3409,0
com.yahoo.mobile.client.android.finance,3500,0
tv.pluto.android,3332,0
com.gamma.scan,3271,0
org.telegram.messenger.web,3453,0
com.whatsapp,3437,0
com.instagram.android,3441,0
com.facebook.orca,3768,0
com.zzkko,3825,0
com.disney.disneyplus,3386,0
com.snapchat.android,3348,0
com.facebook.lite,3359,0
com.ubercab,3754,0
com.mcdonalds.mobileapp,3310,0
com.netflix.mediaclient,3330,0
com.discord,3422,0
com.duolingo,3340,0
com.ebay.mobile,3379,0
com.outfit7.talkingnewsfree,3855,0
com.pinterest,3322,0
tv.twitch.android.app,3333,0
kjv.bible.kingjamesbible,3401,0
com.tinder,3395,0
com.expedia.bookings,3366,0
com.indeed.android.jobsearch,3712,0
com.contextlogic.wish,3390,0
com.alibaba.intl.android.apps.poseidon,3484,0
com.meditation.deepsleep.relax,3376,0
me.lyft.android,3345,0
com.yahoo.mobile.client.android.mail,3382,0
com.linkedin.android,3520,0
com.yahoo.mobile.client.android.finance,3361,0
tv.pluto.android,3289,0
com.gamma.scan,3416,0
org.telegram.messenger.web,3398,0
com.whatsapp,3459,0
com.instagram.android,3562,0
com.facebook.orca,3603,0
com.zzkko,3356,0
com.disney.disneyplus,3399,0
com.snapchat.android,3340,0
com.facebook.lite,3360,0
com.ubercab,3347,0
com.mcdonalds.mobileapp,3348,0
com.netflix.mediaclient,3326,0
com.discord,3484,0
com.duolingo,3372,0
com.ebay.mobile,3390,0
com.outfit7.talkingnewsfree,3423,0
com.pinterest,3323,0
tv.twitch.android.app,3297,0
kjv.bible.kingjamesbible,3536,0
com.tinder,3354,0
com.expedia.bookings,3378,0
com.indeed.android.jobsearch,3322,0
com.contextlogic.wish,3360,0
com.alibaba.intl.android.apps.poseidon,3438,0
com.meditation.deepsleep.relax,3561,0
me.lyft.android,3283,0
com.yahoo.mobile.client.android.mail,3407,0
com.linkedin.android,3517,0
com.yahoo.mobile.client.android.finance,3384,0
tv.pluto.android,3335,0
com.gamma.scan,3291,0
org.telegram.messenger.web,3413,0
com.whatsapp,3448,0
com.instagram.android,3455,0
com.facebook.orca,3578,0
com.zzkko,3847,0
com.disney.disneyplus,3382,0
com.snapchat.android,3338,0
com.facebook.lite,3678,0
com.ubercab,3353,0
com.mcdonalds.mobileapp,3363,0
com.netflix.mediaclient,3581,0
com.discord,3328,0
com.duolingo,3371,0
com.ebay.mobile,3527,0
com.outfit7.talkingnewsfree,3525,0
com.pinterest,3348,0
tv.twitch.android.app,3511,0
kjv.bible.kingjamesbible,3405,0
com.tinder,3351,0
com.expedia.bookings,3538,0
com.indeed.android.jobsearch,3648,0
com.contextlogic.wish,3382,0
com.alibaba.intl.android.apps.poseidon,3474,0
com.meditation.deepsleep.relax,3388,0
me.lyft.android,3349,0
com.yahoo.mobile.client.android.mail,3430,0
com.linkedin.android,3368,0
com.yahoo.mobile.client.android.finance,3393,0
tv.pluto.android,3415,0
com.gamma.scan,3263,0
org.telegram.messenger.web,3365,0
com.whatsapp,3656,0
com.instagram.android,3451,0
com.facebook.orca,3620,0
com.zzkko,3476,0
com.disney.disneyplus,3349,0
com.snapchat.android,3367,0
com.facebook.lite,3355,0
com.ubercab,3453,0
com.mcdonalds.mobileapp,3389,0
com.netflix.mediaclient,3344,0
com.discord,3345,0
com.duolingo,3452,0
com.ebay.mobile,3504,0
com.outfit7.talkingnewsfree,3397,0
com.pinterest,3487,0
tv.twitch.android.app,3392,0
kjv.bible.kingjamesbible,3395,0
com.tinder,3418,0
com.expedia.bookings,3467,0
com.indeed.android.jobsearch,3317,0
com.contextlogic.wish,3358,0
com.alibaba.intl.android.apps.poseidon,3478,0
com.meditation.deepsleep.relax,3393,0
me.lyft.android,3290,0
com.yahoo.mobile.client.android.mail,3547,0
com.linkedin.android,3381,0
com.yahoo.mobile.client.android.finance,3361,0
tv.pluto.android,3592,0
com.gamma.scan,3359,0
org.telegram.messenger.web,3378,0
com.whatsapp,3499,0
com.instagram.android,3434,0
com.facebook.orca,3776,0
com.zzkko,3384,0
com.disney.disneyplus,3342,0
com.snapchat.android,3493,0
com.facebook.lite,3543,0
com.ubercab,3352,0
com.mcdonalds.mobileapp,3344,0
com.netflix.mediaclient,3396,0
com.discord,3376,0
com.duolingo,3588,0
com.ebay.mobile,3442,0
com.outfit7.talkingnewsfree,3309,0
com.pinterest,3378,0
tv.twitch.android.app,3361,0
kjv.bible.kingjamesbible,3421,0
com.tinder,3405,0
com.expedia.bookings,3421,0
com.indeed.android.jobsearch,3311,0
com.contextlogic.wish,3400,0
com.alibaba.intl.android.apps.poseidon,3438,0
com.meditation.deepsleep.relax,3332,0
me.lyft.android,3537,0
com.yahoo.mobile.client.android.mail,3362,0
com.linkedin.android,3356,0
com.yahoo.mobile.client.android.finance,3395,0
tv.pluto.android,3346,0
com.gamma.scan,3236,0
org.telegram.messenger.web,3363,0
com.whatsapp,3665,0
com.instagram.android,3477,0
com.facebook.orca,3619,0
com.zzkko,3375,0
com.disney.disneyplus,3384,0
com.snapchat.android,3514,0
com.facebook.lite,3319,0
com.ubercab,3323,0
com.mcdonalds.mobileapp,3277,0
com.netflix.mediaclient,3425,0
com.discord,3327,0
com.duolingo,3406,0
com.ebay.mobile,3574,0
com.outfit7.talkingnewsfree,3342,0
com.pinterest,3350,0
tv.twitch.android.app,3315,0
kjv.bible.kingjamesbible,3371,0
com.tinder,3501,0
com.expedia.bookings,3342,0
com.indeed.android.jobsearch,3326,0
com.contextlogic.wish,3380,0
com.alibaba.intl.android.apps.poseidon,3428,0
com.meditation.deepsleep.relax,3389,0
me.lyft.android,3305,0
com.yahoo.mobile.client.android.mail,3513,0
com.linkedin.android,3342,0
com.yahoo.mobile.client.android.finance,3377,0
tv.pluto.android,3389,0
com.gamma.scan,3283,0
org.telegram.messenger.web,3345,0
com.whatsapp,3676,0
com.instagram.android,3479,0
com.facebook.orca,3882,0
com.zzkko,3399,0
com.disney.disneyplus,3386,0
com.snapchat.android,3550,0
com.facebook.lite,3298,0
com.ubercab,3339,0
com.mcdonalds.mobileapp,3421,0
com.netflix.mediaclient,3381,0
com.discord,3334,0
com.duolingo,3510,0
com.ebay.mobile,3425,0
com.outfit7.talkingnewsfree,3298,0
com.pinterest,3349,0
tv.twitch.android.app,3345,0
kjv.bible.kingjamesbible,3449,0
com.tinder,3427,0
com.expedia.bookings,3395,0
com.indeed.android.jobsearch,3307,0
com.contextlogic.wish,3425,0
com.alibaba.intl.android.apps.poseidon,3457,0
com.meditation.deepsleep.relax,3444,0
me.lyft.android,3306,0
com.yahoo.mobile.client.android.mail,3338,0
com.linkedin.android,3375,0
com.yahoo.mobile.client.android.finance,3383,0
tv.pluto.android,3342,0
com.gamma.scan,3668,0
org.telegram.messenger.web,3529,0
com.whatsapp,3454,0
com.instagram.android,3461,0
com.facebook.orca,3660,0
com.zzkko,3464,0
com.disney.disneyplus,3396,0
com.snapchat.android,3354,0
com.facebook.lite,3409,0
com.ubercab,3394,0
com.mcdonalds.mobileapp,3361,0
com.netflix.mediaclient,3409,0
com.discord,3335,0
com.duolingo,3548,0
com.ebay.mobile,3408,0
com.outfit7.talkingnewsfree,3586,0
com.pinterest,3286,0
tv.twitch.android.app,3374,0
kjv.bible.kingjamesbible,3462,0
com.tinder,3524,0
com.expedia.bookings,3429,0
com.indeed.android.jobsearch,3457,0
com.contextlogic.wish,3349,0
com.alibaba.intl.android.apps.poseidon,3409,0
com.meditation.deepsleep.relax,3462,0
me.lyft.android,3287,0
com.yahoo.mobile.client.android.mail,3372,0
com.linkedin.android,3492,0
com.yahoo.mobile.client.android.finance,3382,0
tv.pluto.android,3314,0
com.gamma.scan,3373,0
org.telegram.messenger.web,3548,0
com.whatsapp,3432,0
com.instagram.android,3555,0
com.facebook.orca,3626,0
com.zzkko,3473,0
com.disney.disneyplus,3305,0
com.snapchat.android,3316,0
com.facebook.lite,3426,0
com.ubercab,3356,0
com.mcdonalds.mobileapp,3326,0
com.netflix.mediaclient,3542,0
com.discord,3290,0
com.duolingo,3345,0
com.ebay.mobile,3455,0
com.outfit7.talkingnewsfree,3336,0
com.pinterest,3393,0
tv.twitch.android.app,3320,0
kjv.bible.kingjamesbible,3367,0
com.tinder,3387,0
com.expedia.bookings,3365,0
com.indeed.android.jobsearch,3348,0
com.contextlogic.wish,3368,0
com.alibaba.intl.android.apps.poseidon,3483,0
com.meditation.deepsleep.relax,3369,0
me.lyft.android,3346,0
com.yahoo.mobile.client.android.mail,3418,0
com.linkedin.android,3416,0
com.yahoo.mobile.client.android.finance,3374,0
tv.pluto.android,3313,0
com.gamma.scan,3417,0
org.telegram.messenger.web,3483,0
com.whatsapp,3544,0
com.instagram.android,3507,0
com.facebook.orca,3626,0
com.zzkko,3623,0
com.disney.disneyplus,3283,0
com.snapchat.android,3340,0
com.facebook.lite,3379,0
com.ubercab,3378,0
com.mcdonalds.mobileapp,3330,0
com.netflix.mediaclient,3410,0
com.discord,3325,0
com.duolingo,3425,0
com.ebay.mobile,3478,0
com.outfit7.talkingnewsfree,3354,0
com.pinterest,3290,0
tv.twitch.android.app,3480,0
kjv.bible.kingjamesbible,3424,0
com.tinder,3341,0
com.expedia.bookings,3588,0
com.indeed.android.jobsearch,3324,0
com.contextlogic.wish,3430,0
com.alibaba.intl.android.apps.poseidon,3425,0
com.meditation.deepsleep.relax,3401,0
me.lyft.android,3280,0
com.yahoo.mobile.client.android.mail,3410,0
com.linkedin.android,3380,0
com.yahoo.mobile.client.android.finance,3373,0
tv.pluto.android,3334,0
com.gamma.scan,3253,0
org.telegram.messenger.web,3355,0
com.whatsapp,3534,0
com.instagram.android,3464,0
com.facebook.orca,3628,0
com.zzkko,3415,0
com.disney.disneyplus,3312,0
com.snapchat.android,3489,0
com.facebook.lite,3377,0
com.ubercab,3437,0
com.mcdonalds.mobileapp,3305,0
com.netflix.mediaclient,3338,0
com.discord,3293,0
com.duolingo,3348,0
com.ebay.mobile,3433,0
com.outfit7.talkingnewsfree,4017,0
com.pinterest,3344,0
tv.twitch.android.app,3387,0
kjv.bible.kingjamesbible,3575,0
com.tinder,3357,0
com.expedia.bookings,3407,0
com.indeed.android.jobsearch,3282,0
com.contextlogic.wish,3396,0
com.alibaba.intl.android.apps.poseidon,3471,0
com.meditation.deepsleep.relax,3553,0
me.lyft.android,3360,0
com.yahoo.mobile.client.android.mail,3380,0
com.linkedin.android,3659,0
com.yahoo.mobile.client.android.finance,3361,0
tv.pluto.android,3277,0
com.gamma.scan,3372,0
org.telegram.messenger.web,3666,0
com.whatsapp,3445,0
com.instagram.android,3593,0
com.facebook.orca,3595,0
com.zzkko,3699,0
com.disney.disneyplus,3339,0
com.snapchat.android,3447,0
com.facebook.lite,3354,0
com.ubercab,3355,0
com.mcdonalds.mobileapp,3318,0
com.netflix.mediaclient,3477,0
com.discord,3344,0
com.duolingo,3355,0
com.ebay.mobile,3436,0
com.outfit7.talkingnewsfree,3350,0
com.pinterest,3317,0
tv.twitch.android.app,3532,0
kjv.bible.kingjamesbible,3356,0
com.tinder,3337,0
com.expedia.bookings,3446,0
com.indeed.android.jobsearch,3393,0
com.contextlogic.wish,3348,0
com.alibaba.intl.android.apps.poseidon,3622,0
com.meditation.deepsleep.relax,3397,0
me.lyft.android,3296,0
com.yahoo.mobile.client.android.mail,3427,0
com.linkedin.android,3390,0
com.yahoo.mobile.client.android.finance,3488,0
tv.pluto.android,3343,0
com.gamma.scan,3261,0
org.telegram.messenger.web,3354,0
com.whatsapp,3466,0
com.instagram.android,3448,0
com.facebook.orca,3641,0
com.zzkko,3377,0
com.disney.disneyplus,3310,0
com.snapchat.android,3405,0
com.facebook.lite,3334,0
com.ubercab,3385,0
com.mcdonalds.mobileapp,3764,0
com.netflix.mediaclient,3317,0
com.discord,3277,0
com.duolingo,3566,0
com.ebay.mobile,3428,0
com.outfit7.talkingnewsfree,3398,0
com.pinterest,3507,0
tv.twitch.android.app,3339,0
kjv.bible.kingjamesbible,3501,0
com.tinder,3349,0
com.expedia.bookings,3366,0
com.indeed.android.jobsearch,3326,0
com.contextlogic.wish,3383,0
com.alibaba.intl.android.apps.poseidon,3415,0
com.meditation.deepsleep.relax,3343,0
me.lyft.android,3324,0
com.yahoo.mobile.client.android.mail,3411,0
com.linkedin.android,3396,0
com.yahoo.mobile.client.android.finance,3634,0
tv.pluto.android,3366,0
com.gamma.scan,3359,0
org.telegram.messenger.web,3377,0
com.whatsapp,3495,0
com.instagram.android,3522,0
com.facebook.orca,3603,0
com.zzkko,3554,0
com.disney.disneyplus,3310,0
com.snapchat.android,3389,0
com.facebook.lite,3575,0
com.ubercab,3336,0
com.mcdonalds.mobileapp,3337,0
com.netflix.mediaclient,3556,0
com.discord,3311,0
com.duolingo,3383,0
com.ebay.mobile,3514,0
com.outfit7.talkingnewsfree,3351,0
com.pinterest,3414,0
tv.twitch.android.app,3364,0
kjv.bible.kingjamesbible,3407,0
com.tinder,3412,0
com.expedia.bookings,3407,0
com.indeed.android.jobsearch,3317,0
com.contextlogic.wish,3358,0
com.alibaba.intl.android.apps.poseidon,3436,0
com.meditation.deepsleep.relax,3343,0
me.lyft.android,3320,0
com.yahoo.mobile.client.android.mail,3353,0
com.linkedin.android,3404,0
com.yahoo.mobile.client.android.finance,3938,0
tv.pluto.android,3331,0
com.gamma.scan,3308,0
org.telegram.messenger.web,3508,0
com.whatsapp,3473,0
com.instagram.android,3450,0
com.facebook.orca,3686,0
com.zzkko,3399,0
com.disney.disneyplus,3306,0
com.snapchat.android,3546,0
com.facebook.lite,3352,0
com.ubercab,3350,0
com.mcdonalds.mobileapp,3839,0
com.netflix.mediaclient,3382,0
com.discord,3317,0
com.duolingo,3530,0
com.ebay.mobile,3604,0
com.outfit7.talkingnewsfree,3353,0
com.pinterest,3313,0
tv.twitch.android.app,3334,0
kjv.bible.kingjamesbible,3397,0
com.tinder,3382,0
com.expedia.bookings,3394,0
com.indeed.android.jobsearch,3308,0
com.contextlogic.wish,3396,0
com.alibaba.intl.android.apps.poseidon,3476,0
com.meditation.deepsleep.relax,3675,0
me.lyft.android,3405,0
com.yahoo.mobile.client.android.mail,3438,0
com.linkedin.android,3354,0
com.yahoo.mobile.client.android.finance,3379,0
tv.pluto.android,3432,0
com.gamma.scan,3303,0
org.telegram.messenger.web,3415,0
com.whatsapp,3495,0
com.instagram.android,3420,0
com.facebook.orca,4109,0
com.zzkko,3337,0
com.disney.disneyplus,3392,0
com.snapchat.android,3561,0
com.facebook.lite,3342,0
com.ubercab,3393,0
com.mcdonalds.mobileapp,3336,0
com.netflix.mediaclient,3592,0
com.discord,3313,0
com.duolingo,3608,0
com.ebay.mobile,3390,0
com.outfit7.talkingnewsfree,3333,0
com.pinterest,3634,0
tv.twitch.android.app,3547,0
kjv.bible.kingjamesbible,3429,0
com.tinder,3343,0
com.expedia.bookings,3384,0
com.indeed.android.jobsearch,3316,0
com.contextlogic.wish,3384,0
com.alibaba.intl.android.apps.poseidon,3428,0
com.meditation.deepsleep.relax,3428,0
me.lyft.android,3586,0
com.yahoo.mobile.client.android.mail,3670,0
com.linkedin.android,3773,0
com.yahoo.mobile.client.android.finance,3501,0
tv.pluto.android,3312,0
com.gamma.scan,3252,0
org.telegram.messenger.web,3376,0
com.whatsapp,3660,0
com.instagram.android,3407,0
com.facebook.orca,3647,0
com.zzkko,3431,0
com.disney.disneyplus,3306,0
com.snapchat.android,3361,0
com.facebook.lite,3503,0
com.ubercab,3355,0
com.mcdonalds.mobileapp,3330,0
com.netflix.mediaclient,3396,0
com.discord,3311,0
com.duolingo,3395,0
com.ebay.mobile,3815,0
com.outfit7.talkingnewsfree,3351,0
com.pinterest,3404,0
tv.twitch.android.app,3343,0
kjv.bible.kingjamesbible,3392,0
com.tinder,3384,0
com.expedia.bookings,3588,0
com.indeed.android.jobsearch,3303,0
com.contextlogic.wish,3359,0
com.alibaba.intl.android.apps.poseidon,3450,0
com.meditation.deepsleep.relax,3356,0
me.lyft.android,3276,0
com.yahoo.mobile.client.android.mail,3519,0
com.linkedin.android,3397,0
com.yahoo.mobile.client.android.finance,3375,0
tv.pluto.android,3310,0
com.gamma.scan,3299,0
org.telegram.messenger.web,3333,0
com.whatsapp,3537,0
com.instagram.android,3442,0
com.facebook.orca,3617,0
com.zzkko,3400,0
com.disney.disneyplus,3339,0
com.snapchat.android,3397,0
com.facebook.lite,3613,0
com.ubercab,3380,0
com.mcdonalds.mobileapp,3279,0
com.netflix.mediaclient,3348,0
com.discord,3350,0
com.duolingo,3431,0
com.ebay.mobile,3385,0
com.outfit7.talkingnewsfree,3346,0
com.pinterest,3390,0
tv.twitch.android.app,3341,0
kjv.bible.kingjamesbible,3376,0
com.tinder,3639,0
com.expedia.bookings,3404,0
com.indeed.android.jobsearch,3322,0
com.contextlogic.wish,3397,0
com.alibaba.intl.android.apps.poseidon,3414,0
com.meditation.deepsleep.relax,3369,0
me.lyft.android,3404,0
com.yahoo.mobile.client.android.mail,3386,0
com.linkedin.android,3924,0
com.yahoo.mobile.client.android.finance,3395,0
tv.pluto.android,3363,0
com.gamma.scan,3348,0
org.telegram.messenger.web,3491,0
com.whatsapp,3545,0
com.instagram.android,3452,0
com.facebook.orca,4759,0
com.zzkko,3397,0
com.disney.disneyplus,3455,0
com.snapchat.android,3425,0
com.facebook.lite,3364,0
com.ubercab,3407,0
com.mcdonalds.mobileapp,3356,0
com.netflix.mediaclient,3336,0
com.discord,3328,0
com.duolingo,3495,0
com.ebay.mobile,3419,0
com.outfit7.talkingnewsfree,3367,0
com.pinterest,3620,0
tv.twitch.android.app,3325,0
kjv.bible.kingjamesbible,3388,0
com.tinder,3419,0
com.expedia.bookings,3420,0
com.indeed.android.jobsearch,3283,0
com.contextlogic.wish,3418,0
com.alibaba.intl.android.apps.poseidon,3442,0
com.meditation.deepsleep.relax,3351,0
me.lyft.android,3475,0
com.yahoo.mobile.client.android.mail,3374,0
com.linkedin.android,3321,0
com.yahoo.mobile.client.android.finance,3556,0
tv.pluto.android,3308,0
com.gamma.scan,3283,0
org.telegram.messenger.web,3532,0
com.whatsapp,3508,0
com.instagram.android,3523,0
com.facebook.orca,3606,0
com.zzkko,3382,0
com.disney.disneyplus,3376,0
com.snapchat.android,3328,0
com.facebook.lite,3368,0
com.ubercab,3343,0
com.mcdonalds.mobileapp,3309,0
com.netflix.mediaclient,3384,0
com.discord,3517,0
com.duolingo,3569,0
com.ebay.mobile,3459,0
com.outfit7.talkingnewsfree,3335,0
com.pinterest,3321,0
tv.twitch.android.app,3331,0
kjv.bible.kingjamesbible,3449,0
com.tinder,3586,0
com.expedia.bookings,3415,0
com.indeed.android.jobsearch,3302,0
com.contextlogic.wish,3344,0
com.alibaba.intl.android.apps.poseidon,3517,0
com.meditation.deepsleep.relax,3486,0
me.lyft.android,3277,0
com.yahoo.mobile.client.android.mail,3410,0
com.linkedin.android,3356,0
com.yahoo.mobile.client.android.finance,3394,0
tv.pluto.android,3559,0
com.gamma.scan,3310,0
org.telegram.messenger.web,3814,0
com.whatsapp,3590,0
com.instagram.android,3527,0
com.facebook.orca,3667,0
com.zzkko,3804,0
com.disney.disneyplus,3347,0
com.snapchat.android,3363,0
com.facebook.lite,3349,0
com.ubercab,3480,0
com.mcdonalds.mobileapp,3646,0
com.netflix.mediaclient,3493,0
com.discord,3354,0
com.duolingo,3402,0
com.ebay.mobile,3503,0
com.outfit7.talkingnewsfree,3359,0
com.pinterest,3664,0
tv.twitch.android.app,3366,0
kjv.bible.kingjamesbible,3371,0
com.tinder,3495,0
com.expedia.bookings,3439,0
com.indeed.android.jobsearch,3331,0
com.contextlogic.wish,3375,0
com.alibaba.intl.android.apps.poseidon,3412,0
com.meditation.deepsleep.relax,3386,0
me.lyft.android,3563,0
com.yahoo.mobile.client.android.mail,3409,0
com.linkedin.android,3373,0
com.yahoo.mobile.client.android.finance,3482,0
tv.pluto.android,3308,0
com.gamma.scan,3294,0
org.telegram.messenger.web,3525,0
com.whatsapp,3575,0
com.instagram.android,3506,0
com.facebook.orca,3624,0
com.zzkko,3397,0
com.disney.disneyplus,3576,0
com.snapchat.android,3364,0
com.facebook.lite,3351,0
com.ubercab,3409,0
com.mcdonalds.mobileapp,3377,0
com.netflix.mediaclient,3375,0
com.discord,3466,0
com.duolingo,3662,0
com.ebay.mobile,3560,0
com.outfit7.talkingnewsfree,3336,0
com.pinterest,3353,0
tv.twitch.android.app,3428,0
kjv.bible.kingjamesbible,3427,0
com.tinder,3590,0
com.expedia.bookings,3348,0
com.indeed.android.jobsearch,3336,0
com.contextlogic.wish,3405,0
com.alibaba.intl.android.apps.poseidon,3447,0
com.meditation.deepsleep.relax,3415,0
me.lyft.android,3687,0
com.yahoo.mobile.client.android.mail,3361,0
com.linkedin.android,3366,0
com.yahoo.mobile.client.android.finance,3506,0
tv.pluto.android,3747,0
com.gamma.scan,3462,0
org.telegram.messenger.web,3669,0
com.whatsapp,3472,0
com.instagram.android,3451,0
com.facebook.orca,3798,0
com.zzkko,3347,0
com.disney.disneyplus,3457,0
com.snapchat.android,3388,0
com.facebook.lite,3337,0
com.ubercab,3772,0
com.mcdonalds.mobileapp,3287,0
com.netflix.mediaclient,3911,0
com.discord,3307,0
com.duolingo,3346,0
com.ebay.mobile,3396,0
com.outfit7.talkingnewsfree,3383,0
com.pinterest,3378,0
tv.twitch.android.app,3359,0
kjv.bible.kingjamesbible,3363,0
com.tinder,3335,0
com.expedia.bookings,3389,0
com.indeed.android.jobsearch,3423,0
com.contextlogic.wish,3358,0
com.alibaba.intl.android.apps.poseidon,3443,0
com.meditation.deepsleep.relax,3366,0
me.lyft.android,3312,0
com.yahoo.mobile.client.android.mail,3504,0
com.linkedin.android,3322,0
com.yahoo.mobile.client.android.finance,3535,0
tv.pluto.android,3383,0
com.gamma.scan,3297,0
org.telegram.messenger.web,3365,0
com.whatsapp,3633,0
com.instagram.android,3426,0
com.facebook.orca,3664,0
com.zzkko,3339,0
com.disney.disneyplus,3341,0
com.snapchat.android,3419,0
com.facebook.lite,3446,0
com.ubercab,3381,0
com.mcdonalds.mobileapp,3334,0
com.netflix.mediaclient,3378,0
com.discord,3342,0
com.duolingo,3394,0
com.ebay.mobile,3547,0
com.outfit7.talkingnewsfree,3292,0
com.pinterest,3323,0
tv.twitch.android.app,3318,0
kjv.bible.kingjamesbible,3373,0
com.tinder,3556,0
com.expedia.bookings,3402,0
com.indeed.android.jobsearch,3317,0
com.contextlogic.wish,3423,0
com.alibaba.intl.android.apps.poseidon,3575,0
com.meditation.deepsleep.relax,3424,0
me.lyft.android,3382,0
com.yahoo.mobile.client.android.mail,3373,0
com.linkedin.android,3436,0
com.yahoo.mobile.client.android.finance,3446,0
tv.pluto.android,3306,0
com.gamma.scan,3735,0
org.telegram.messenger.web,3331,0
com.whatsapp,3618,0
com.instagram.android,3450,0
com.facebook.orca,3606,0
com.zzkko,3598,0
com.disney.disneyplus,3402,0
com.snapchat.android,3374,0
com.facebook.lite,3456,0
com.ubercab,3373,0
com.mcdonalds.mobileapp,3351,0
com.netflix.mediaclient,3482,0
com.discord,3428,0
com.duolingo,3352,0
com.ebay.mobile,3455,0
com.outfit7.talkingnewsfree,3351,0
com.pinterest,3396,0
tv.twitch.android.app,3474,0
kjv.bible.kingjamesbible,3463,0
com.tinder,3334,0
com.expedia.bookings,3361,0
com.indeed.android.jobsearch,3299,0
com.contextlogic.wish,3350,0
com.alibaba.intl.android.apps.poseidon,3680,0
com.meditation.deepsleep.relax,3350,0
me.lyft.android,3351,0
com.yahoo.mobile.client.android.mail,3383,0
com.linkedin.android,3402,0
com.yahoo.mobile.client.android.finance,3432,0
tv.pluto.android,3376,0
com.gamma.scan,3257,0
org.telegram.messenger.web,3549,0
com.whatsapp,3470,0
com.instagram.android,3725,0
com.facebook.orca,3654,0
com.zzkko,3730,0
com.disney.disneyplus,3305,0
com.snapchat.android,3381,0
com.facebook.lite,3374,0
com.ubercab,3455,0
com.mcdonalds.mobileapp,3318,0
com.netflix.mediaclient,3298,0
com.discord,3399,0
com.duolingo,3341,0
com.ebay.mobile,3441,0
com.outfit7.talkingnewsfree,3457,0
com.pinterest,3363,0
tv.twitch.android.app,3396,0
kjv.bible.kingjamesbible,3352,0
com.tinder,3406,0
com.expedia.bookings,3401,0
com.indeed.android.jobsearch,3431,0
com.contextlogic.wish,3369,0
com.alibaba.intl.android.apps.poseidon,3518,0
com.meditation.deepsleep.relax,3439,0
me.lyft.android,3292,0
com.yahoo.mobile.client.android.mail,3609,0
com.linkedin.android,3457,0
com.yahoo.mobile.client.android.finance,3402,0
tv.pluto.android,3366,0
com.gamma.scan,3275,0
org.telegram.messenger.web,3378,0
com.whatsapp,3729,0
com.instagram.android,3493,0
com.facebook.orca,3746,0
com.zzkko,3378,0
com.disney.disneyplus,3353,0
com.snapchat.android,3347,0
com.facebook.lite,3546,0
com.ubercab,3594,0
com.mcdonalds.mobileapp,3305,0
com.netflix.mediaclient,3346,0
com.discord,3710,0
com.duolingo,3346,0
com.ebay.mobile,3413,0
com.outfit7.talkingnewsfree,3396,0
com.pinterest,3344,0
tv.twitch.android.app,3313,0
kjv.bible.kingjamesbible,3749,0
com.tinder,3362,0
com.expedia.bookings,3599,0
com.indeed.android.jobsearch,3325,0
com.contextlogic.wish,3360,0
com.alibaba.intl.android.apps.poseidon,3432,0
com.meditation.deepsleep.relax,3537,0
me.lyft.android,3361,0
com.yahoo.mobile.client.android.mail,3377,0
com.linkedin.android,3368,0
com.yahoo.mobile.client.android.finance,3375,0
tv.pluto.android,3336,0
com.gamma.scan,3392,0
org.telegram.messenger.web,3332,0
com.whatsapp,3431,0
com.instagram.android,3515,0
com.facebook.orca,3643,0
com.zzkko,3398,0
com.disney.disneyplus,3306,0
com.snapchat.android,3356,0
com.facebook.lite,3432,0
com.ubercab,3326,0
com.mcdonalds.mobileapp,3283,0
com.netflix.mediaclient,3597,0
com.discord,3376,0
com.duolingo,3628,0
com.ebay.mobile,3408,0
com.outfit7.talkingnewsfree,3317,0
com.pinterest,3336,0
tv.twitch.android.app,3504,0
kjv.bible.kingjamesbible,3396,0
com.tinder,3489,0
com.expedia.bookings,3395,0
com.indeed.android.jobsearch,3534,0
com.contextlogic.wish,3363,0
com.alibaba.intl.android.apps.poseidon,3447,0
com.meditation.deepsleep.relax,3393,0
me.lyft.android,3367,0
com.yahoo.mobile.client.android.mail,3383,0
com.linkedin.android,3480,0
com.yahoo.mobile.client.android.finance,3407,0
tv.pluto.android,3320,0
com.gamma.scan,3448,0
org.telegram.messenger.web,3362,0
com.whatsapp,3480,0
com.instagram.android,3634,0
com.facebook.orca,3697,0
com.zzkko,3795,0
com.disney.disneyplus,3368,0
com.snapchat.android,3383,0
com.facebook.lite,3500,0
com.ubercab,3502,0
com.mcdonalds.mobileapp,4023,0
com.netflix.mediaclient,3374,0
com.discord,3284,0
com.duolingo,3386,0
com.ebay.mobile,3666,0
com.outfit7.talkingnewsfree,3321,0
com.pinterest,3405,0
tv.twitch.android.app,3334,0
kjv.bible.kingjamesbible,3362,0
com.tinder,3546,0
com.expedia.bookings,3366,0
com.indeed.android.jobsearch,3316,0
com.contextlogic.wish,3467,0
com.alibaba.intl.android.apps.poseidon,3461,0
com.meditation.deepsleep.relax,3403,0
me.lyft.android,3353,0
com.yahoo.mobile.client.android.mail,3395,0
com.linkedin.android,3501,0
com.yahoo.mobile.client.android.finance,3412,0
tv.pluto.android,3305,0
com.gamma.scan,3318,0
org.telegram.messenger.web,3468,0
com.whatsapp,3512,0
com.instagram.android,3499,0
com.facebook.orca,3613,0
com.zzkko,3408,0
com.disney.disneyplus,3446,0
com.snapchat.android,3341,0
com.facebook.lite,3324,0
com.ubercab,3476,0
com.mcdonalds.mobileapp,3332,0
com.netflix.mediaclient,3334,0
com.discord,3571,0
com.duolingo,3441,0
com.ebay.mobile,3470,0
com.outfit7.talkingnewsfree,3578,0
com.pinterest,3349,0
tv.twitch.android.app,3314,0
kjv.bible.kingjamesbible,3527,0
com.tinder,3845,0
com.expedia.bookings,3443,0
com.indeed.android.jobsearch,3315,0
com.contextlogic.wish,3376,0
com.alibaba.intl.android.apps.poseidon,3765,0
com.meditation.deepsleep.relax,3403,0
me.lyft.android,3280,0
com.yahoo.mobile.client.android.mail,3399,0
com.linkedin.android,3346,0
com.yahoo.mobile.client.android.finance,3525,0
tv.pluto.android,3309,0
com.gamma.scan,3266,0
org.telegram.messenger.web,3463,0
com.whatsapp,3474,0
com.instagram.android,3431,0
com.facebook.orca,3657,0
com.zzkko,3751,0
com.disney.disneyplus,3380,0
com.snapchat.android,3393,0
com.facebook.lite,3369,0
com.ubercab,3471,0
com.mcdonalds.mobileapp,3365,0
com.netflix.mediaclient,3605,0
com.discord,3391,0
com.duolingo,3330,0
com.ebay.mobile,3397,0
com.outfit7.talkingnewsfree,3496,0
com.pinterest,3329,0
tv.twitch.android.app,3406,0
kjv.bible.kingjamesbible,3599,0
com.tinder,3346,0
com.expedia.bookings,3399,0
com.indeed.android.jobsearch,3466,0
com.contextlogic.wish,3414,0
com.alibaba.intl.android.apps.poseidon,3550,0
com.meditation.deepsleep.relax,3415,0
me.lyft.android,3277,0
com.yahoo.mobile.client.android.mail,3376,0
com.linkedin.android,3495,0
com.yahoo.mobile.client.android.finance,3330,0
tv.pluto.android,3351,0
com.gamma.scan,3345,0
org.telegram.messenger.web,3362,0
com.whatsapp,3602,0
com.instagram.android,3463,0
com.facebook.orca,3646,0
com.zzkko,3390,0
com.disney.disneyplus,3336,0
com.snapchat.android,3460,0
com.facebook.lite,3315,0
com.ubercab,3409,0
com.mcdonalds.mobileapp,3359,0
com.netflix.mediaclient,3340,0
com.discord,3448,0
com.duolingo,3465,0
com.ebay.mobile,3395,0
com.outfit7.talkingnewsfree,3717,0
com.pinterest,3343,0
tv.twitch.android.app,3321,0
kjv.bible.kingjamesbible,3430,0
com.tinder,3465,0
com.expedia.bookings,3412,0
com.indeed.android.jobsearch,3266,0
com.contextlogic.wish,3458,0
com.alibaba.intl.android.apps.poseidon,3456,0
com.meditation.deepsleep.relax,3349,0
me.lyft.android,3427,0
com.yahoo.mobile.client.android.mail,3402,0
com.linkedin.android,3578,0
com.yahoo.mobile.client.android.finance,3433,0
tv.pluto.android,3331,0
com.gamma.scan,3272,0
org.telegram.messenger.web,3523,0
com.whatsapp,3474,0
com.instagram.android,3428,0
com.facebook.orca,3632,0
com.zzkko,3371,0
com.disney.disneyplus,3524,0
com.snapchat.android,3690,0
com.facebook.lite,3297,0
com.ubercab,3375,0
com.mcdonalds.mobileapp,3336,0
com.netflix.mediaclient,3431,0
com.discord,3331,0
com.duolingo,3371,0
com.ebay.mobile,3506,0
com.outfit7.talkingnewsfree,3354,0
com.pinterest,3412,0
tv.twitch.android.app,3692,0
kjv.bible.kingjamesbible,3368,0
com.tinder,3454,0
com.expedia.bookings,3360,0
com.indeed.android.jobsearch,3294,0
com.contextlogic.wish,3333,0
com.alibaba.intl.android.apps.poseidon,3484,0
com.meditation.deepsleep.relax,3501,0
me.lyft.android,3379,0
com.yahoo.mobile.client.android.mail,3415,0
com.linkedin.android,3338,0
com.yahoo.mobile.client.android.finance,3461,0
tv.pluto.android,3305,0
com.gamma.scan,3564,0
org.telegram.messenger.web,3338,0
com.whatsapp,3487,0
com.instagram.android,3425,0
com.facebook.orca,3764,0
com.zzkko,3349,0
com.disney.disneyplus,3294,0
com.snapchat.android,3454,0
com.facebook.lite,3315,0
com.ubercab,3365,0
com.mcdonalds.mobileapp,3511,0
com.netflix.mediaclient,3335,0
com.discord,3323,0
com.duolingo,3486,0
com.ebay.mobile,3432,0
com.outfit7.talkingnewsfree,3353,0
com.pinterest,3982,0
tv.twitch.android.app,4001,0
kjv.bible.kingjamesbible,3503,0
com.tinder,3335,0
com.expedia.bookings,3388,0
com.indeed.android.jobsearch,3356,0
com.contextlogic.wish,3412,0
com.alibaba.intl.android.apps.poseidon,3445,0
com.meditation.deepsleep.relax,3417,0
me.lyft.android,3320,0
com.yahoo.mobile.client.android.mail,3425,0
com.linkedin.android,3497,0
com.yahoo.mobile.client.android.finance,3454,0
tv.pluto.android,3750,0
com.gamma.scan,3336,0
org.telegram.messenger.web,3410,0
com.whatsapp,3462,0
com.instagram.android,3432,0
com.facebook.orca,3894,0
com.zzkko,3487,0
com.disney.disneyplus,3311,0
com.snapchat.android,3349,0
com.facebook.lite,3393,0
com.ubercab,4015,0
com.mcdonalds.mobileapp,3346,0
com.netflix.mediaclient,3383,0
com.discord,3287,0
com.duolingo,3520,0
com.ebay.mobile,3426,0
com.outfit7.talkingnewsfree,3619,0
com.pinterest,3423,0
tv.twitch.android.app,3336,0
kjv.bible.kingjamesbible,3422,0
com.tinder,3362,0
com.expedia.bookings,3435,0
com.indeed.android.jobsearch,3354,0
com.contextlogic.wish,3395,0
com.alibaba.intl.android.apps.poseidon,3795,0
com.meditation.deepsleep.relax,3392,0
me.lyft.android,3325,0
com.yahoo.mobile.client.android.mail,3398,0
com.linkedin.android,3374,0
com.yahoo.mobile.client.android.finance,3389,0
tv.pluto.android,3290,0
com.gamma.scan,3564,0
org.telegram.messenger.web,3363,0
com.whatsapp,3467,0
com.instagram.android,3436,0
com.facebook.orca,3638,0
com.zzkko,3394,0
com.disney.disneyplus,3542,0
com.snapchat.android,3596,0
com.facebook.lite,3345,0
com.ubercab,3374,0
com.mcdonalds.mobileapp,3410,0
com.netflix.mediaclient,3654,0
com.discord,3421,0
com.duolingo,3428,0
com.ebay.mobile,3459,0
com.outfit7.talkingnewsfree,3378,0
com.pinterest,3633,0
tv.twitch.android.app,3403,0
kjv.bible.kingjamesbible,3494,0
com.tinder,3342,0
com.expedia.bookings,3385,0
com.indeed.android.jobsearch,3537,0
com.contextlogic.wish,3363,0
com.alibaba.intl.android.apps.poseidon,3419,0
com.meditation.deepsleep.relax,3488,0
me.lyft.android,3329,0
com.yahoo.mobile.client.android.mail,3375,0
com.linkedin.android,3447,0
com.yahoo.mobile.client.android.finance,3422,0
tv.pluto.android,3292,0
com.gamma.scan,3278,0
org.telegram.messenger.web,3374,0
com.whatsapp,3763,0
com.instagram.android,3461,0
com.facebook.orca,3641,0
com.zzkko,3452,0
com.disney.disneyplus,3357,0
com.snapchat.android,3356,0
com.facebook.lite,3663,0
com.ubercab,3724,0
com.mcdonalds.mobileapp,3383,0
com.netflix.mediaclient,3398,0
com.discord,3327,0
com.duolingo,3428,0
com.ebay.mobile,3390,0
com.outfit7.talkingnewsfree,3314,0
com.pinterest,3360,0
tv.twitch.android.app,3345,0
kjv.bible.kingjamesbible,3391,0
com.tinder,3507,0
com.expedia.bookings,3378,0
com.indeed.android.jobsearch,3483,0
com.contextlogic.wish,3439,0
com.alibaba.intl.android.apps.poseidon,3492,0
com.meditation.deepsleep.relax,3395,0
me.lyft.android,3428,0
com.yahoo.mobile.client.android.mail,3423,0
com.linkedin.android,3334,0
com.yahoo.mobile.client.android.finance,3457,0
tv.pluto.android,3328,0
com.gamma.scan,3287,0
org.telegram.messenger.web,3757,0
com.whatsapp,3481,0
com.instagram.android,3625,0
com.facebook.orca,3636,0
com.zzkko,3381,0
com.disney.disneyplus,3379,0
com.snapchat.android,3749,0
com.facebook.lite,3345,0
com.ubercab,3378,0
com.mcdonalds.mobileapp,3388,0
com.netflix.mediaclient,3360,0
com.discord,3468,0
com.duolingo,3348,0
com.ebay.mobile,3699,0
com.outfit7.talkingnewsfree,3341,0
com.pinterest,3326,0
tv.twitch.android.app,3755,0
kjv.bible.kingjamesbible,3454,0
com.tinder,3407,0
com.expedia.bookings,3435,0
com.indeed.android.jobsearch,3341,0
com.contextlogic.wish,3325,0
com.alibaba.intl.android.apps.poseidon,3507,0
com.meditation.deepsleep.relax,3468,0
me.lyft.android,3306,0
com.yahoo.mobile.client.android.mail,3367,0
com.linkedin.android,3350,0
com.yahoo.mobile.client.android.finance,3444,0
tv.pluto.android,3344,0
com.gamma.scan,3273,0
org.telegram.messenger.web,3414,0
com.whatsapp,3455,0
com.instagram.android,3458,0
com.facebook.orca,3732,0
com.zzkko,3381,0
com.disney.disneyplus,3409,0
com.snapchat.android,3327,0
com.facebook.lite,3355,0
com.ubercab,3424,0
com.mcdonalds.mobileapp,3296,0
com.netflix.mediaclient,3343,0
com.discord,3425,0
com.duolingo,3424,0
com.ebay.mobile,3494,0
com.outfit7.talkingnewsfree,3366,0
com.pinterest,3381,0
tv.twitch.android.app,3321,0
kjv.bible.kingjamesbible,3447,0
com.tinder,3357,0
com.expedia.bookings,3389,0
com.indeed.android.jobsearch,3497,0
com.contextlogic.wish,3496,0
com.alibaba.intl.android.apps.poseidon,3522,0
com.meditation.deepsleep.relax,3476,0
me.lyft.android,3266,0
com.yahoo.mobile.client.android.mail,3406,0
com.linkedin.android,3414,0
com.yahoo.mobile.client.android.finance,3376,0
tv.pluto.android,3288,0
com.gamma.scan,3281,0
org.telegram.messenger.web,3363,0
com.whatsapp,3595,0
com.instagram.android,3442,0
com.facebook.orca,3659,0
com.zzkko,3649,0
com.disney.disneyplus,3305,0
com.snapchat.android,3316,0
com.facebook.lite,3392,0
com.ubercab,3565,0
com.mcdonalds.mobileapp,3323,0
com.netflix.mediaclient,3394,0
com.discord,3338,0
com.duolingo,3347,0
com.ebay.mobile,3446,0
com.outfit7.talkingnewsfree,3341,0
com.pinterest,3453,0
tv.twitch.android.app,3441,0
kjv.bible.kingjamesbible,3412,0
com.tinder,3338,0
com.expedia.bookings,3489,0
com.indeed.android.jobsearch,3298,0
com.contextlogic.wish,3424,0
com.alibaba.intl.android.apps.poseidon,3495,0
com.meditation.deepsleep.relax,3336,0
me.lyft.android,3311,0
com.yahoo.mobile.client.android.mail,3413,0
com.linkedin.android,3440,0
com.yahoo.mobile.client.android.finance,3547,0
tv.pluto.android,3332,0
com.gamma.scan,3322,0
org.telegram.messenger.web,3373,0
com.whatsapp,3449,0
com.instagram.android,3698,0
com.facebook.orca,3843,0
com.zzkko,3374,0
com.disney.disneyplus,3327,0
com.snapchat.android,3426,0
com.facebook.lite,3466,0
com.ubercab,3627,0
com.mcdonalds.mobileapp,3305,0
com.netflix.mediaclient,3314,0
com.discord,3332,0
com.duolingo,3404,0
com.ebay.mobile,3421,0
com.outfit7.talkingnewsfree,3432,0
com.pinterest,3310,0
tv.twitch.android.app,3359,0
kjv.bible.kingjamesbible,3593,0
com.tinder,3340,0
com.expedia.bookings,3673,0
com.indeed.android.jobsearch,3305,0
com.contextlogic.wish,3359,0
com.alibaba.intl.android.apps.poseidon,3474,0
com.meditation.deepsleep.relax,3477,0
me.lyft.android,3626,0
com.yahoo.mobile.client.android.mail,3447,0
com.linkedin.android,3378,0
com.yahoo.mobile.client.android.finance,3410,0
tv.pluto.android,3394,0
com.gamma.scan,3280,0
org.telegram.messenger.web,3383,0
com.whatsapp,3524,0
com.instagram.android,3449,0
com.facebook.orca,3709,0
com.zzkko,3404,0
com.disney.disneyplus,3389,0
com.snapchat.android,3918,0
com.facebook.lite,3347,0
com.ubercab,3344,0
com.mcdonalds.mobileapp,3457,0
com.netflix.mediaclient,3419,0
com.discord,3269,0
com.duolingo,3629,0
com.ebay.mobile,3455,0
com.outfit7.talkingnewsfree,3334,0
com.pinterest,3441,0
tv.twitch.android.app,3327,0
kjv.bible.kingjamesbible,3442,0
com.tinder,3351,0
com.expedia.bookings,3363,0
com.indeed.android.jobsearch,3509,0
com.contextlogic.wish,3371,0
com.alibaba.intl.android.apps.poseidon,3463,0
com.meditation.deepsleep.relax,3365,0
me.lyft.android,3313,0
com.yahoo.mobile.client.android.mail,3360,0
com.linkedin.android,3686,0
com.yahoo.mobile.client.android.finance,3373,0
tv.pluto.android,3331,0
com.gamma.scan,3427,0
org.telegram.messenger.web,3375,0
com.whatsapp,3486,0
com.instagram.android,3504,0
com.facebook.orca,3871,0
com.zzkko,3479,0
com.disney.disneyplus,3344,0
com.snapchat.android,3364,0
com.facebook.lite,3361,0
com.ubercab,3365,0
com.mcdonalds.mobileapp,3360,0
com.netflix.mediaclient,3420,0
com.discord,3305,0
com.duolingo,3451,0
com.ebay.mobile,3531,0
com.outfit7.talkingnewsfree,3338,0
com.pinterest,3338,0
tv.twitch.android.app,3407,0
kjv.bible.kingjamesbible,3393,0
com.tinder,3376,0
com.expedia.bookings,3491,0
com.indeed.android.jobsearch,3296,0
com.contextlogic.wish,3358,0
com.alibaba.intl.android.apps.poseidon,3518,0
com.meditation.deepsleep.relax,3377,0
me.lyft.android,3282,0
com.yahoo.mobile.client.android.mail,3608,0
com.linkedin.android,3591,0
com.yahoo.mobile.client.android.finance,3584,0
tv.pluto.android,3328,0
com.gamma.scan,3292,0
org.telegram.messenger.web,3627,0
com.whatsapp,3483,0
com.instagram.android,3443,0
com.facebook.orca,3904,0
com.zzkko,3395,0
com.disney.disneyplus,3644,0
com.snapchat.android,3377,0
com.facebook.lite,3514,0
com.ubercab,3382,0
com.mcdonalds.mobileapp,3389,0
com.netflix.mediaclient,3332,0
com.discord,3368,0
com.duolingo,3351,0
com.ebay.mobile,3390,0
com.outfit7.talkingnewsfree,3406,0
com.pinterest,3360,0
tv.twitch.android.app,3325,0
kjv.bible.kingjamesbible,3611,0
com.tinder,3371,0
com.expedia.bookings,3456,0
com.indeed.android.jobsearch,3345,0
com.contextlogic.wish,3379,0
com.alibaba.intl.android.apps.poseidon,3648,0
com.meditation.deepsleep.relax,3384,0
me.lyft.android,3341,0
com.yahoo.mobile.client.android.mail,3435,0
com.linkedin.android,3389,0
com.yahoo.mobile.client.android.finance,3399,0
tv.pluto.android,3397,0
com.gamma.scan,3365,0
org.telegram.messenger.web,3600,0
com.whatsapp,3462,0
com.instagram.android,3481,0
com.facebook.orca,3742,0
com.zzkko,3846,0
com.disney.disneyplus,3383,0
com.snapchat.android,3402,0
com.facebook.lite,3338,0
com.ubercab,3607,0
com.mcdonalds.mobileapp,3456,0
com.netflix.mediaclient,3326,0
com.discord,3382,0
com.duolingo,3353,0
com.ebay.mobile,3429,0
com.outfit7.talkingnewsfree,3507,0
com.pinterest,3373,0
tv.twitch.android.app,3382,0
kjv.bible.kingjamesbible,3410,0
com.tinder,3357,0
com.expedia.bookings,3385,0
com.indeed.android.jobsearch,3352,0
com.contextlogic.wish,3373,0
com.alibaba.intl.android.apps.poseidon,3416,0
com.meditation.deepsleep.relax,3420,0
me.lyft.android,3317,0
com.yahoo.mobile.client.android.mail,3384,0
com.linkedin.android,3436,0
com.yahoo.mobile.client.android.finance,3439,0
tv.pluto.android,3329,0
com.gamma.scan,3677,0
org.telegram.messenger.web,3374,0
com.whatsapp,3504,0
com.instagram.android,3478,0
com.facebook.orca,3835,0
com.zzkko,3447,0
com.disney.disneyplus,3352,0
com.snapchat.android,3340,0
com.facebook.lite,3440,0
com.ubercab,3581,0
com.mcdonalds.mobileapp,3343,0
com.netflix.mediaclient,3388,0
com.discord,3311,0
com.duolingo,3406,0
com.ebay.mobile,3472,0
com.outfit7.talkingnewsfree,3405,0
com.pinterest,3380,0
tv.twitch.android.app,3331,0
kjv.bible.kingjamesbible,3419,0
com.tinder,3420,0
com.expedia.bookings,3635,0
com.indeed.android.jobsearch,3384,0
com.contextlogic.wish,3315,0
com.alibaba.intl.android.apps.poseidon,3442,0
com.meditation.deepsleep.relax,3406,0
me.lyft.android,3298,0
com.yahoo.mobile.client.android.mail,3356,0
com.linkedin.android,3376,0
com.yahoo.mobile.client.android.finance,3487,0
tv.pluto.android,3683,0
com.gamma.scan,3299,0
org.telegram.messenger.web,3419,0
com.whatsapp,3506,0
com.instagram.android,3472,0
com.facebook.orca,3622,0
com.zzkko,3450,0
com.disney.disneyplus,3326,0
com.snapchat.android,3370,0
com.facebook.lite,3533,0
com.ubercab,3818,0
com.mcdonalds.mobileapp,3410,0
com.netflix.mediaclient,3366,0
com.discord,3297,0
com.duolingo,3540,0
com.ebay.mobile,3515,0
com.outfit7.talkingnewsfree,3365,0
com.pinterest,3371,0
tv.twitch.android.app,3328,0
kjv.bible.kingjamesbible,3571,0
com.tinder,3339,0
com.expedia.bookings,3349,0
com.indeed.android.jobsearch,3381,0
com.contextlogic.wish,3414,0
com.alibaba.intl.android.apps.poseidon,3458,0
com.meditation.deepsleep.relax,3460,0
me.lyft.android,3526,0
com.yahoo.mobile.client.android.mail,3371,0
com.linkedin.android,3373,0
com.yahoo.mobile.client.android.finance,3403,0
tv.pluto.android,3690,0
com.gamma.scan,3310,0
org.telegram.messenger.web,3621,0
com.whatsapp,3529,0
com.instagram.android,3590,0
com.facebook.orca,3626,0
com.zzkko,3345,0
com.disney.disneyplus,3694,0
com.snapchat.android,3406,0
com.facebook.lite,3359,0
com.ubercab,3361,0
com.mcdonalds.mobileapp,3304,0
com.netflix.mediaclient,3477,0
com.discord,3345,0
com.duolingo,3422,0
com.ebay.mobile,3528,0
com.outfit7.talkingnewsfree,3311,0
com.pinterest,3340,0
tv.twitch.android.app,3451,0
kjv.bible.kingjamesbible,3404,0
com.tinder,3326,0
com.expedia.bookings,3492,0
com.indeed.android.jobsearch,3296,0
com.contextlogic.wish,3419,0
com.alibaba.intl.android.apps.poseidon,3605,0
com.meditation.deepsleep.relax,3341,0
me.lyft.android,3390,0
com.yahoo.mobile.client.android.mail,3400,0
com.linkedin.android,3397,0
com.yahoo.mobile.client.android.finance,3520,0
tv.pluto.android,3389,0
com.gamma.scan,3307,0
org.telegram.messenger.web,3353,0
com.whatsapp,3476,0
com.instagram.android,3429,0
com.facebook.orca,3635,0
com.zzkko,3373,0
com.disney.disneyplus,3435,0
com.snapchat.android,3344,0
com.facebook.lite,3422,0
com.ubercab,3510,0
com.mcdonalds.mobileapp,3292,0
com.netflix.mediaclient,3351,0
com.discord,3382,0
com.duolingo,3364,0
com.ebay.mobile,3634,0
com.outfit7.talkingnewsfree,3460,0
com.pinterest,3311,0
tv.twitch.android.app,3311,0
kjv.bible.kingjamesbible,3430,0
com.tinder,3334,0
com.expedia.bookings,3374,0
com.indeed.android.jobsearch,3377,0
com.contextlogic.wish,3525,0
com.alibaba.intl.android.apps.poseidon,3441,0
com.meditation.deepsleep.relax,3379,0
me.lyft.android,3305,0
com.yahoo.mobile.client.android.mail,3406,0
com.linkedin.android,3959,0
com.yahoo.mobile.client.android.finance,3380,0
tv.pluto.android,3363,0
com.gamma.scan,3363,0
org.telegram.messenger.web,3376,0
com.whatsapp,3497,0
com.instagram.android,3483,0
com.facebook.orca,3677,0
com.zzkko,3381,0
com.disney.disneyplus,3372,0
com.snapchat.android,3383,0
com.facebook.lite,3459,0
com.ubercab,3735,0
com.mcdonalds.mobileapp,3267,0
com.netflix.mediaclient,3542,0
com.discord,3295,0
com.duolingo,3399,0
com.ebay.mobile,3500,0
com.outfit7.talkingnewsfree,3518,0
com.pinterest,3382,0
tv.twitch.android.app,3373,0
kjv.bible.kingjamesbible,3382,0
com.tinder,3595,0
com.expedia.bookings,3403,0
com.indeed.android.jobsearch,3381,0
com.contextlogic.wish,3405,0
com.alibaba.intl.android.apps.poseidon,3470,0
com.meditation.deepsleep.relax,3418,0
me.lyft.android,3409,0
com.yahoo.mobile.client.android.mail,3623,0
com.linkedin.android,3421,0
com.yahoo.mobile.client.android.finance,3369,0
tv.pluto.android,3365,0
com.gamma.scan,3413,0
org.telegram.messenger.web,3348,0
com.whatsapp,3472,0
com.instagram.android,3466,0
com.facebook.orca,3637,0
com.zzkko,3432,0
com.disney.disneyplus,3304,0
com.snapchat.android,3337,0
com.facebook.lite,3433,0
com.ubercab,3334,0
com.mcdonalds.mobileapp,3398,0
com.netflix.mediaclient,3435,0
com.discord,3514,0
com.duolingo,3590,0
com.ebay.mobile,3748,0
com.outfit7.talkingnewsfree,3305,0
com.pinterest,3337,0
tv.twitch.android.app,3322,0
kjv.bible.kingjamesbible,3360,0
com.tinder,3349,0
com.expedia.bookings,3559,0
com.indeed.android.jobsearch,3285,0
com.contextlogic.wish,3368,0
com.alibaba.intl.android.apps.poseidon,3532,0
com.meditation.deepsleep.relax,3730,0
me.lyft.android,3614,0
com.yahoo.mobile.client.android.mail,3397,0
com.linkedin.android,3382,0
com.yahoo.mobile.client.android.finance,3556,0
tv.pluto.android,3363,0
com.gamma.scan,3347,0
org.telegram.messenger.web,3399,0
com.whatsapp,3439,0
com.instagram.android,3479,0
com.facebook.orca,3635,0
com.zzkko,3369,0
com.disney.disneyplus,3342,0
com.snapchat.android,3386,0
com.facebook.lite,3309,0
com.ubercab,3610,0
com.mcdonalds.mobileapp,3319,0
com.netflix.mediaclient,3378,0
com.discord,3392,0
com.duolingo,3349,0
com.ebay.mobile,3383,0
com.outfit7.talkingnewsfree,3442,0
com.pinterest,3390,0
tv.twitch.android.app,3336,0
kjv.bible.kingjamesbible,3422,0
com.tinder,3401,0
com.expedia.bookings,3349,0
com.indeed.android.jobsearch,3638,0
com.contextlogic.wish,3409,0
com.alibaba.intl.android.apps.poseidon,3451,0
com.meditation.deepsleep.relax,3347,0
me.lyft.android,3259,0
com.yahoo.mobile.client.android.mail,3405,0
com.linkedin.android,3538,0
com.yahoo.mobile.client.android.finance,3347,0
tv.pluto.android,3482,0
com.gamma.scan,3346,0
org.telegram.messenger.web,3435,0
com.whatsapp,3500,0
com.instagram.android,3505,0
com.facebook.orca,3628,0
com.zzkko,3365,0
com.disney.disneyplus,3315,0
com.snapchat.android,3331,0
com.facebook.lite,3315,0
com.ubercab,3346,0
com.mcdonalds.mobileapp,3437,0
com.netflix.mediaclient,3369,0
com.discord,3328,0
com.duolingo,3420,0
com.ebay.mobile,3465,0
com.outfit7.talkingnewsfree,3335,0
com.pinterest,3542,0
tv.twitch.android.app,3351,0
kjv.bible.kingjamesbible,3371,0
com.tinder,3353,0
com.expedia.bookings,3527,0
com.indeed.android.jobsearch,3400,0
com.contextlogic.wish,3345,0
com.alibaba.intl.android.apps.poseidon,3473,0
com.meditation.deepsleep.relax,3374,0
me.lyft.android,3376,0
com.yahoo.mobile.client.android.mail,3380,0
com.linkedin.android,3372,0
com.yahoo.mobile.client.android.finance,3662,0
tv.pluto.android,3296,0
com.gamma.scan,3304,0
org.telegram.messenger.web,3537,0
com.whatsapp,3466,0
com.instagram.android,3633,0
com.facebook.orca,3622,0
com.zzkko,3378,0
com.disney.disneyplus,3647,0
com.snapchat.android,3500,0
com.facebook.lite,3431,0
com.ubercab,3354,0
com.mcdonalds.mobileapp,3309,0
com.netflix.mediaclient,3527,0
com.discord,3311,0
com.duolingo,3365,0
com.ebay.mobile,3449,0
com.outfit7.talkingnewsfree,3358,0
com.pinterest,3338,0
tv.twitch.android.app,3528,0
kjv.bible.kingjamesbible,3405,0
com.tinder,3436,0
com.expedia.bookings,3496,0
com.indeed.android.jobsearch,3296,0
com.contextlogic.wish,3350,0
com.alibaba.intl.android.apps.poseidon,3532,0
com.meditation.deepsleep.relax,3454,0
me.lyft.android,3349,0
com.yahoo.mobile.client.android.mail,3411,0
com.linkedin.android,3345,0
com.yahoo.mobile.client.android.finance,3384,0
tv.pluto.android,3408,0
com.gamma.scan,3308,0
org.telegram.messenger.web,3376,0
com.whatsapp,3451,0
com.instagram.android,3462,0
com.facebook.orca,3658,0
com.zzkko,3397,0
com.disney.disneyplus,3345,0
com.snapchat.android,3654,0
com.facebook.lite,3336,0
com.ubercab,3382,0
com.mcdonalds.mobileapp,3310,0
com.netflix.mediaclient,3335,0
com.discord,3289,0
com.duolingo,3461,0
com.ebay.mobile,3416,0
com.outfit7.talkingnewsfree,3390,0
com.pinterest,3367,0
tv.twitch.android.app,3330,0
kjv.bible.kingjamesbible,3396,0
com.tinder,3392,0
com.expedia.bookings,3406,0
com.indeed.android.jobsearch,3336,0
com.contextlogic.wish,3423,0
com.alibaba.intl.android.apps.poseidon,3637,0
com.meditation.deepsleep.relax,3687,0
me.lyft.android,3286,0
com.yahoo.mobile.client.android.mail,3399,0
com.linkedin.android,3403,0
com.yahoo.mobile.client.android.finance,3505,0
tv.pluto.android,3351,0
com.gamma.scan,3359,0
org.telegram.messenger.web,3379,0
com.whatsapp,3477,0
com.instagram.android,3440,0
com.facebook.orca,3595,0
com.zzkko,3623,0
com.disney.disneyplus,3352,0
com.snapchat.android,3360,0
com.facebook.lite,3347,0
com.ubercab,3460,0
com.mcdonalds.mobileapp,3273,0
com.netflix.mediaclient,3323,0
com.discord,3294,0
com.duolingo,3388,0
com.ebay.mobile,3730,0
com.outfit7.talkingnewsfree,3315,0
com.pinterest,3344,0
tv.twitch.android.app,3346,0
kjv.bible.kingjamesbible,3358,0
com.tinder,3369,0
com.expedia.bookings,3765,0
com.indeed.android.jobsearch,3318,0
com.contextlogic.wish,3488,0
com.alibaba.intl.android.apps.poseidon,3424,0
com.meditation.deepsleep.relax,3451,0
me.lyft.android,3397,0
com.yahoo.mobile.client.android.mail,3388,0
com.linkedin.android,3423,0
com.yahoo.mobile.client.android.finance,3419,0
tv.pluto.android,3319,0
com.gamma.scan,3362,0
org.telegram.messenger.web,3485,0
com.whatsapp,3494,0
com.instagram.android,3672,0
com.facebook.orca,3627,0
com.zzkko,3377,0
com.disney.disneyplus,3274,0
com.snapchat.android,3459,0
com.facebook.lite,3363,0
com.ubercab,3420,0
com.mcdonalds.mobileapp,3340,0
com.netflix.mediaclient,3447,0
com.discord,3428,0
com.duolingo,3549,0
com.ebay.mobile,3430,0
com.outfit7.talkingnewsfree,3356,0
com.pinterest,3330,0
tv.twitch.android.app,3324,0
kjv.bible.kingjamesbible,3361,0
com.tinder,3416,0
com.expedia.bookings,3468,0
com.indeed.android.jobsearch,3295,0
com.contextlogic.wish,3395,0
com.alibaba.intl.android.apps.poseidon,3616,0
com.meditation.deepsleep.relax,3368,0
me.lyft.android,3383,0
com.yahoo.mobile.client.android.mail,3435,0
com.linkedin.android,3417,0
com.yahoo.mobile.client.android.finance,3374,0
tv.pluto.android,3330,0
com.gamma.scan,3262,0
org.telegram.messenger.web,3329,0
com.whatsapp,3489,0
com.instagram.android,3468,0
com.facebook.orca,3646,0
com.zzkko,3387,0
com.disney.disneyplus,3335,0
com.snapchat.android,3485,0
com.facebook.lite,3465,0
com.ubercab,3373,0
com.mcdonalds.mobileapp,3393,0
com.netflix.mediaclient,3356,0
com.discord,3392,0
com.duolingo,3342,0
com.ebay.mobile,3414,0
com.outfit7.talkingnewsfree,3317,0
com.pinterest,3489,0
tv.twitch.android.app,3389,0
kjv.bible.kingjamesbible,3575,0
com.tinder,3393,0
com.expedia.bookings,3381,0
com.indeed.android.jobsearch,3425,0
com.contextlogic.wish,3621,0
com.alibaba.intl.android.apps.poseidon,3456,0
com.meditation.deepsleep.relax,3478,0
me.lyft.android,3298,0
com.yahoo.mobile.client.android.mail,3409,0
com.linkedin.android,3354,0
com.yahoo.mobile.client.android.finance,3433,0
tv.pluto.android,3656,0
com.gamma.scan,3300,0
org.telegram.messenger.web,3400,0
com.whatsapp,3716,0
com.instagram.android,3552,0
com.facebook.orca,3712,0
com.zzkko,3373,0
com.disney.disneyplus,3451,0
com.snapchat.android,3379,0
com.facebook.lite,3322,0
com.ubercab,3510,0
com.mcdonalds.mobileapp,3344,0
com.netflix.mediaclient,3371,0
com.discord,3323,0
com.duolingo,3382,0
com.ebay.mobile,3482,0
com.outfit7.talkingnewsfree,3410,0
com.pinterest,3431,0
tv.twitch.android.app,3378,0
kjv.bible.kingjamesbible,3374,0
com.tinder,3337,0
com.expedia.bookings,3433,0
com.indeed.android.jobsearch,3345,0
com.contextlogic.wish,3361,0
com.alibaba.intl.android.apps.poseidon,3452,0
com.meditation.deepsleep.relax,3377,0
me.lyft.android,3386,0
com.yahoo.mobile.client.android.mail,3432,0
com.linkedin.android,3362,0
com.yahoo.mobile.client.android.finance,3459,0
tv.pluto.android,3334,0
com.gamma.scan,3249,0
org.telegram.messenger.web,3604,0
com.whatsapp,3487,0
com.instagram.android,3716,0
com.facebook.orca,3626,0
com.zzkko,3371,0
com.disney.disneyplus,3419,0
com.snapchat.android,3632,0
com.facebook.lite,3364,0
com.ubercab,3470,0
com.mcdonalds.mobileapp,3302,0
com.netflix.mediaclient,3400,0
com.discord,3303,0
com.duolingo,3433,0
com.ebay.mobile,3425,0
com.outfit7.talkingnewsfree,3357,0
com.pinterest,3348,0
tv.twitch.android.app,3405,0
kjv.bible.kingjamesbible,3452,0
com.tinder,3719,0
com.expedia.bookings,3530,0
com.indeed.android.jobsearch,3320,0
com.contextlogic.wish,3385,0
com.alibaba.intl.android.apps.poseidon,3456,0
com.meditation.deepsleep.relax,3330,0
me.lyft.android,3381,0
com.yahoo.mobile.client.android.mail,3418,0
com.linkedin.android,3395,0
com.yahoo.mobile.client.android.finance,3423,0
tv.pluto.android,3482,0
com.gamma.scan,3293,0
org.telegram.messenger.web,3352,0
com.whatsapp,3680,0
com.instagram.android,3424,0
com.facebook.orca,3622,0
com.zzkko,3401,0
com.disney.disneyplus,3340,0
com.snapchat.android,3430,0
com.facebook.lite,3342,0
com.ubercab,3404,0
com.mcdonalds.mobileapp,3629,0
com.netflix.mediaclient,3406,0
com.discord,3344,0
com.duolingo,3794,0
com.ebay.mobile,3420,0
com.outfit7.talkingnewsfree,3377,0
com.pinterest,3502,0
tv.twitch.android.app,3384,0
kjv.bible.kingjamesbible,3359,0
com.tinder,3363,0
com.expedia.bookings,3405,0
com.indeed.android.jobsearch,3328,0
com.contextlogic.wish,3357,0
com.alibaba.intl.android.apps.poseidon,3800,0
com.meditation.deepsleep.relax,3411,0
me.lyft.android,3312,0
com.yahoo.mobile.client.android.mail,3469,0
com.linkedin.android,3540,0
com.yahoo.mobile.client.android.finance,3432,0
tv.pluto.android,3356,0
com.gamma.scan,3340,0
org.telegram.messenger.web,3366,0
com.whatsapp,3478,0
com.instagram.android,3474,0
com.facebook.orca,3889,0
com.zzkko,3644,0
com.disney.disneyplus,3312,0
com.snapchat.android,3357,0
com.facebook.lite,3427,0
com.ubercab,3384,0
com.mcdonalds.mobileapp,3382,0
com.netflix.mediaclient,3352,0
com.discord,3351,0
com.duolingo,3660,0
com.ebay.mobile,3670,0
com.outfit7.talkingnewsfree,3307,0
com.pinterest,3333,0
tv.twitch.android.app,3341,0
kjv.bible.kingjamesbible,3575,0
com.tinder,3336,0
com.expedia.bookings,3408,0
com.indeed.android.jobsearch,3380,0
com.contextlogic.wish,3399,0
com.alibaba.intl.android.apps.poseidon,3466,0
com.meditation.deepsleep.relax,3376,0
me.lyft.android,3296,0
com.yahoo.mobile.client.android.mail,3447,0
com.linkedin.android,3394,0
com.yahoo.mobile.client.android.finance,3411,0
tv.pluto.android,3429,0
com.gamma.scan,3281,0
org.telegram.messenger.web,3411,0
com.whatsapp,3735,0
com.instagram.android,3512,0
com.facebook.orca,3799,0
com.zzkko,3348,0
com.disney.disneyplus,3367,0
com.snapchat.android,3395,0
com.facebook.lite,3333,0
com.ubercab,3361,0
com.mcdonalds.mobileapp,3276,0
com.netflix.mediaclient,3349,0
com.discord,3838,0
com.duolingo,3444,0
com.ebay.mobile,3432,0
com.outfit7.talkingnewsfree,3361,0
com.pinterest,3428,0
tv.twitch.android.app,3427,0
kjv.bible.kingjamesbible,3535,0
com.tinder,3370,0
com.expedia.bookings,3388,0
com.indeed.android.jobsearch,3314,0
com.contextlogic.wish,3477,0
com.alibaba.intl.android.apps.poseidon,3484,0
com.meditation.deepsleep.relax,3402,0
me.lyft.android,3419,0
com.yahoo.mobile.client.android.mail,3355,0
com.linkedin.android,3501,0
com.yahoo.mobile.client.android.finance,3395,0
tv.pluto.android,3453,0
com.gamma.scan,3292,0
org.telegram.messenger.web,3388,0
com.whatsapp,3761,0
com.instagram.android,3522,0
com.facebook.orca,3900,0
com.zzkko,3348,0
com.disney.disneyplus,3350,0
com.snapchat.android,3365,0
com.facebook.lite,3333,0
com.ubercab,3366,0
com.mcdonalds.mobileapp,3421,0
com.netflix.mediaclient,3337,0
com.discord,3335,0
com.duolingo,3363,0
com.ebay.mobile,3460,0
com.outfit7.talkingnewsfree,3785,0
com.pinterest,3376,0
tv.twitch.android.app,3322,0
kjv.bible.kingjamesbible,3414,0
com.tinder,3426,0
com.expedia.bookings,3427,0
com.indeed.android.jobsearch,3300,0
com.contextlogic.wish,3344,0
com.alibaba.intl.android.apps.poseidon,3544,0
com.meditation.deepsleep.relax,3381,0
me.lyft.android,3424,0
com.yahoo.mobile.client.android.mail,3357,0
com.linkedin.android,3664,0
com.yahoo.mobile.client.android.finance,3365,0
tv.pluto.android,3321,0
com.gamma.scan,3299,0
org.telegram.messenger.web,3727,0
com.whatsapp,3524,0
com.instagram.android,3514,0
com.facebook.orca,3660,0
com.zzkko,3716,0
com.disney.disneyplus,3331,0
com.snapchat.android,3361,0
com.facebook.lite,4016,0
com.ubercab,3398,0
com.mcdonalds.mobileapp,3308,0
com.netflix.mediaclient,3525,0
com.discord,3346,0
com.duolingo,3758,0
com.ebay.mobile,3475,0
com.outfit7.talkingnewsfree,3326,0
com.pinterest,3351,0
tv.twitch.android.app,3385,0
kjv.bible.kingjamesbible,3538,0
com.tinder,3336,0
com.expedia.bookings,3380,0
com.indeed.android.jobsearch,3344,0
com.contextlogic.wish,3340,0
com.alibaba.intl.android.apps.poseidon,3513,0
com.meditation.deepsleep.relax,3358,0
me.lyft.android,3349,0
com.yahoo.mobile.client.android.mail,3417,0
com.linkedin.android,3408,0
com.yahoo.mobile.client.android.finance,3443,0
tv.pluto.android,3398,0
com.gamma.scan,3289,0
org.telegram.messenger.web,3438,0
com.whatsapp,3471,0
com.instagram.android,3464,0
com.facebook.orca,3705,0
com.zzkko,3635,0
com.disney.disneyplus,3446,0
com.snapchat.android,3416,0
com.facebook.lite,3313,0
com.ubercab,3480,0
com.mcdonalds.mobileapp,3285,0
com.netflix.mediaclient,3386,0
com.discord,3344,0
com.duolingo,3400,0
com.ebay.mobile,3453,0
com.outfit7.talkingnewsfree,3450,0
com.pinterest,3365,0
tv.twitch.android.app,3545,0
kjv.bible.kingjamesbible,3366,0
com.tinder,3375,0
com.expedia.bookings,3758,0
com.indeed.android.jobsearch,3312,0
com.contextlogic.wish,3367,0
com.alibaba.intl.android.apps.poseidon,3490,0
com.meditation.deepsleep.relax,3343,0
me.lyft.android,3312,0
com.yahoo.mobile.client.android.mail,3530,0
com.linkedin.android,3416,0
com.yahoo.mobile.client.android.finance,3489,0
tv.pluto.android,3364,0
com.gamma.scan,3333,0
org.telegram.messenger.web,3439,0
com.whatsapp,3492,0
com.instagram.android,3432,0
com.facebook.orca,3615,0
com.zzkko,3378,0
com.disney.disneyplus,3407,0
com.snapchat.android,3577,0
com.facebook.lite,3315,0
com.ubercab,3594,0
com.mcdonalds.mobileapp,3329,0
com.netflix.mediaclient,3359,0
com.discord,3342,0
com.duolingo,3376,0
com.ebay.mobile,3510,0
com.outfit7.talkingnewsfree,3412,0
com.pinterest,3312,0
tv.twitch.android.app,3771,0
kjv.bible.kingjamesbible,3348,0
com.tinder,3347,0
com.expedia.bookings,3394,0
com.indeed.android.jobsearch,3310,0
com.contextlogic.wish,3340,0
com.alibaba.intl.android.apps.poseidon,3428,0
com.meditation.deepsleep.relax,3360,0
me.lyft.android,3363,0
com.yahoo.mobile.client.android.mail,3419,0
com.linkedin.android,3370,0
com.yahoo.mobile.client.android.finance,3393,0
tv.pluto.android,3304,0
com.gamma.scan,3293,0
org.telegram.messenger.web,3357,0
com.whatsapp,3489,0
com.instagram.android,3449,0
com.facebook.orca,3810,0
com.zzkko,3377,0
com.disney.disneyplus,3308,0
com.snapchat.android,3375,0
com.facebook.lite,3320,0
com.ubercab,3385,0
com.mcdonalds.mobileapp,3491,0
com.netflix.mediaclient,3359,0
com.discord,3295,0
com.duolingo,3480,0
com.ebay.mobile,3436,0
com.outfit7.talkingnewsfree,3316,0
com.pinterest,3649,0
tv.twitch.android.app,3328,0
kjv.bible.kingjamesbible,3382,0
com.tinder,3376,0
com.expedia.bookings,3432,0
com.indeed.android.jobsearch,3335,0
com.contextlogic.wish,3392,0
com.alibaba.intl.android.apps.poseidon,3529,0
com.meditation.deepsleep.relax,3427,0
me.lyft.android,3307,0
com.yahoo.mobile.client.android.mail,3473,0
com.linkedin.android,3460,0
com.yahoo.mobile.client.android.finance,3398,0
tv.pluto.android,3314,0
com.gamma.scan,3303,0
org.telegram.messenger.web,3363,0
com.whatsapp,3485,0
com.instagram.android,3650,0
com.facebook.orca,3640,0
com.zzkko,3554,0
com.disney.disneyplus,3312,0
com.snapchat.android,3399,0
com.facebook.lite,3382,0
com.ubercab,3706,0
com.mcdonalds.mobileapp,3501,0
com.netflix.mediaclient,3364,0
com.discord,3360,0
com.duolingo,3458,0
com.ebay.mobile,3401,0
com.outfit7.talkingnewsfree,3812,0
com.pinterest,3384,0
tv.twitch.android.app,3382,0
kjv.bible.kingjamesbible,3397,0
com.tinder,3441,0
com.expedia.bookings,3443,0
com.indeed.android.jobsearch,3447,0
com.contextlogic.wish,3397,0
com.alibaba.intl.android.apps.poseidon,3436,0
com.meditation.deepsleep.relax,3338,0
me.lyft.android,3462,0
com.yahoo.mobile.client.android.mail,3487,0
com.linkedin.android,3422,0
com.yahoo.mobile.client.android.finance,3398,0
tv.pluto.android,3369,0
com.gamma.scan,3410,0
org.telegram.messenger.web,3621,0
com.whatsapp,3460,0
com.instagram.android,3440,0
com.facebook.orca,3656,0
com.zzkko,3666,0
com.disney.disneyplus,3425,0
com.snapchat.android,3445,0
com.facebook.lite,3338,0
com.ubercab,3350,0
com.mcdonalds.mobileapp,3298,0
com.netflix.mediaclient,3402,0
com.discord,3372,0
com.duolingo,3355,0
com.ebay.mobile,3445,0
com.outfit7.talkingnewsfree,3425,0
com.pinterest,3359,0
tv.twitch.android.app,3321,0
kjv.bible.kingjamesbible,3518,0
com.tinder,3383,0
com.expedia.bookings,3406,0
com.indeed.android.jobsearch,3430,0
com.contextlogic.wish,3544,0
com.alibaba.intl.android.apps.poseidon,3506,0
com.meditation.deepsleep.relax,3679,0
me.lyft.android,3350,0
com.yahoo.mobile.client.android.mail,3415,0
com.linkedin.android,3339,0
com.yahoo.mobile.client.android.finance,3467,0
tv.pluto.android,3743,0
com.gamma.scan,3321,0
org.telegram.messenger.web,3440,0
com.whatsapp,3501,0
com.instagram.android,3515,0
com.facebook.orca,3589,0
com.zzkko,3382,0
com.disney.disneyplus,3382,0
com.snapchat.android,3344,0
com.facebook.lite,3354,0
com.ubercab,3404,0
com.mcdonalds.mobileapp,3392,0
com.netflix.mediaclient,3360,0
com.discord,3354,0
com.duolingo,3388,0
com.ebay.mobile,3811,0
com.outfit7.talkingnewsfree,3317,0
com.pinterest,3336,0
tv.twitch.android.app,3626,0
kjv.bible.kingjamesbible,3363,0
com.tinder,3368,0
com.expedia.bookings,3531,0
com.indeed.android.jobsearch,3480,0
com.contextlogic.wish,3557,0
com.alibaba.intl.android.apps.poseidon,3462,0
com.meditation.deepsleep.relax,3354,0
me.lyft.android,3488,0
com.yahoo.mobile.client.android.mail,3440,0
com.linkedin.android,3429,0
com.yahoo.mobile.client.android.finance,3464,0
tv.pluto.android,3310,0
com.gamma.scan,3323,0
org.telegram.messenger.web,3436,0
com.whatsapp,3523,0
com.instagram.android,3550,0
com.facebook.orca,3608,0
com.zzkko,3351,0
com.disney.disneyplus,3510,0
com.snapchat.android,3342,0
com.facebook.lite,3350,0
com.ubercab,3363,0
com.mcdonalds.mobileapp,3315,0
com.netflix.mediaclient,3405,0
com.discord,3285,0
com.duolingo,3379,0
com.ebay.mobile,3527,0
com.outfit7.talkingnewsfree,3442,0
com.pinterest,3332,0
tv.twitch.android.app,3438,0
kjv.bible.kingjamesbible,3473,0
com.tinder,3357,0
com.expedia.bookings,3390,0
com.indeed.android.jobsearch,3396,0
com.contextlogic.wish,3348,0
com.alibaba.intl.android.apps.poseidon,3422,0
com.meditation.deepsleep.relax,3382,0
me.lyft.android,3290,0
com.yahoo.mobile.client.android.mail,3435,0
com.linkedin.android,3345,0
com.yahoo.mobile.client.android.finance,3372,0
tv.pluto.android,3401,0
com.gamma.scan,3334,0
org.telegram.messenger.web,3386,0
com.whatsapp,3561,0
com.instagram.android,3431,0
com.facebook.orca,3619,0
com.zzkko,3470,0
com.disney.disneyplus,3414,0
com.snapchat.android,3314,0
com.facebook.lite,3451,0
com.ubercab,3381,0
com.mcdonalds.mobileapp,3293,0
com.netflix.mediaclient,3367,0
com.discord,3472,0
com.duolingo,3398,0
com.ebay.mobile,3561,0
com.outfit7.talkingnewsfree,3385,0
com.pinterest,3404,0
tv.twitch.android.app,3407,0
kjv.bible.kingjamesbible,3328,0
com.tinder,3357,0
com.expedia.bookings,3403,0
com.indeed.android.jobsearch,3310,0
com.contextlogic.wish,3360,0
com.alibaba.intl.android.apps.poseidon,3443,0
com.meditation.deepsleep.relax,3427,0
me.lyft.android,3497,0
com.yahoo.mobile.client.android.mail,3364,0
com.linkedin.android,3387,0
com.yahoo.mobile.client.android.finance,3485,0
tv.pluto.android,3321,0
com.gamma.scan,3257,0
org.telegram.messenger.web,3370,0
com.whatsapp,3455,0
com.instagram.android,3446,0
com.facebook.orca,3653,0
com.zzkko,3627,0
com.disney.disneyplus,3303,0
com.snapchat.android,3403,0
com.facebook.lite,3314,0
com.ubercab,3470,0
com.mcdonalds.mobileapp,3347,0
com.netflix.mediaclient,3387,0
com.discord,3357,0
com.duolingo,3416,0
com.ebay.mobile,3394,0
com.outfit7.talkingnewsfree,3543,0
com.pinterest,3337,0
tv.twitch.android.app,3340,0
kjv.bible.kingjamesbible,3452,0
com.tinder,3363,0
com.expedia.bookings,3412,0
com.indeed.android.jobsearch,3640,0
com.contextlogic.wish,3381,0
com.alibaba.intl.android.apps.poseidon,3608,0
com.meditation.deepsleep.relax,3379,0
me.lyft.android,3310,0
com.yahoo.mobile.client.android.mail,3392,0
com.linkedin.android,3659,0
com.yahoo.mobile.client.android.finance,3386,0
tv.pluto.android,3381,0
com.gamma.scan,3264,0
org.telegram.messenger.web,3338,0
com.whatsapp,3579,0
com.instagram.android,3478,0
com.facebook.orca,3925,0
com.zzkko,3425,0
com.disney.disneyplus,3371,0
com.snapchat.android,3449,0
com.facebook.lite,3336,0
com.ubercab,3344,0
com.mcdonalds.mobileapp,3620,0
com.netflix.mediaclient,3343,0
com.discord,3296,0
com.duolingo,3495,0
com.ebay.mobile,3402,0
com.outfit7.talkingnewsfree,3324,0
com.pinterest,3629,0
tv.twitch.android.app,3318,0
kjv.bible.kingjamesbible,3386,0
com.tinder,3440,0
com.expedia.bookings,3572,0
com.indeed.android.jobsearch,3350,0
com.contextlogic.wish,3364,0
com.alibaba.intl.android.apps.poseidon,3472,0
com.meditation.deepsleep.relax,3599,0
me.lyft.android,3362,0
com.yahoo.mobile.client.android.mail,3526,0
com.linkedin.android,3388,0
com.yahoo.mobile.client.android.finance,3394,0
tv.pluto.android,3338,0
com.gamma.scan,3273,0
org.telegram.messenger.web,3354,0
com.whatsapp,3517,0
com.instagram.android,3466,0
com.facebook.orca,3688,0
com.zzkko,3392,0
com.disney.disneyplus,3615,0
com.snapchat.android,3525,0
com.facebook.lite,3363,0
com.ubercab,3375,0
com.mcdonalds.mobileapp,3716,0
com.netflix.mediaclient,3330,0
com.discord,3296,0
com.duolingo,3393,0
com.ebay.mobile,3413,0
com.outfit7.talkingnewsfree,3358,0
com.pinterest,3501,0
tv.twitch.android.app,3317,0
kjv.bible.kingjamesbible,3492,0
com.tinder,3346,0
com.expedia.bookings,3389,0
com.indeed.android.jobsearch,3343,0
com.contextlogic.wish,3501,0
com.alibaba.intl.android.apps.poseidon,3736,0
com.meditation.deepsleep.relax,3341,0
me.lyft.android,3293,0
com.yahoo.mobile.client.android.mail,3372,0
com.linkedin.android,3919,0
com.yahoo.mobile.client.android.finance,3420,0
tv.pluto.android,3373,0
com.gamma.scan,3319,0
org.telegram.messenger.web,3360,0
com.whatsapp,3510,0
com.instagram.android,3467,0
com.facebook.orca,3702,0
com.zzkko,3395,0
com.disney.disneyplus,3344,0
com.snapchat.android,3560,0
com.facebook.lite,3445,0
com.ubercab,3479,0
com.mcdonalds.mobileapp,3272,0
com.netflix.mediaclient,3424,0
com.discord,3337,0
com.duolingo,3775,0
com.ebay.mobile,3696,0
com.outfit7.talkingnewsfree,3328,0
com.pinterest,3358,0
tv.twitch.android.app,3370,0
kjv.bible.kingjamesbible,3397,0
com.tinder,3795,0
com.expedia.bookings,3447,0
com.indeed.android.jobsearch,3294,0
com.contextlogic.wish,3388,0
com.alibaba.intl.android.apps.poseidon,3626,0
com.meditation.deepsleep.relax,3559,0
me.lyft.android,3626,0
com.yahoo.mobile.client.android.mail,3371,0
com.linkedin.android,3370,0
com.yahoo.mobile.client.android.finance,3407,0
tv.pluto.android,3351,0
com.gamma.scan,3279,0
org.telegram.messenger.web,3367,0
com.whatsapp,3492,0
com.instagram.android,3472,0
com.facebook.orca,3685,0
com.zzkko,3457,0
com.disney.disneyplus,3520,0
com.snapchat.android,3347,0
com.facebook.lite,3366,0
com.ubercab,3461,0
com.mcdonalds.mobileapp,3308,0
com.netflix.mediaclient,3453,0
com.discord,3367,0
com.duolingo,3363,0
com.ebay.mobile,3697,0
com.outfit7.talkingnewsfree,3334,0
com.pinterest,3498,0
tv.twitch.android.app,3370,0
kjv.bible.kingjamesbible,3364,0
com.tinder,3371,0
com.expedia.bookings,3459,0
com.indeed.android.jobsearch,3309,0
com.contextlogic.wish,3377,0
com.alibaba.intl.android.apps.poseidon,3481,0
com.meditation.deepsleep.relax,3369,0
me.lyft.android,3307,0
com.yahoo.mobile.client.android.mail,3844,0
com.linkedin.android,3677,0
com.yahoo.mobile.client.android.finance,3881,0
tv.pluto.android,3709,0
com.gamma.scan,3502,0
org.telegram.messenger.web,3388,0
com.whatsapp,3644,0
com.instagram.android,3449,0
com.facebook.orca,3612,0
com.zzkko,3480,0
com.disney.disneyplus,3569,0
com.snapchat.android,3482,0
com.facebook.lite,3359,0
com.ubercab,3391,0
com.mcdonalds.mobileapp,3519,0
com.netflix.mediaclient,3413,0
com.discord,3326,0
com.duolingo,3418,0
com.ebay.mobile,3466,0
com.outfit7.talkingnewsfree,3384,0
com.pinterest,3388,0
tv.twitch.android.app,3447,0
kjv.bible.kingjamesbible,3357,0
com.tinder,3369,0
com.expedia.bookings,3421,0
com.indeed.android.jobsearch,3296,0
com.contextlogic.wish,3340,0
com.alibaba.intl.android.apps.poseidon,3577,0
com.meditation.deepsleep.relax,3345,0
me.lyft.android,3295,0
com.yahoo.mobile.client.android.mail,3388,0
com.linkedin.android,3407,0
com.yahoo.mobile.client.android.finance,3376,0
tv.pluto.android,3598,0
com.gamma.scan,3230,0
org.telegram.messenger.web,3392,0
com.whatsapp,3471,0
com.instagram.android,3584,0
com.facebook.orca,3599,0
com.zzkko,3813,0
com.disney.disneyplus,3397,0
com.snapchat.android,3360,0
com.facebook.lite,3382,0
com.ubercab,3534,0
com.mcdonalds.mobileapp,3366,0
com.netflix.mediaclient,3567,0
com.discord,3375,0
com.duolingo,3471,0
com.ebay.mobile,3414,0
com.outfit7.talkingnewsfree,3590,0
com.pinterest,3383,0
tv.twitch.android.app,3635,0
kjv.bible.kingjamesbible,3383,0
com.tinder,3363,0
com.expedia.bookings,3403,0
com.indeed.android.jobsearch,3717,0
com.contextlogic.wish,3478,0
com.alibaba.intl.android.apps.poseidon,3477,0
com.meditation.deepsleep.relax,3381,0
me.lyft.android,3385,0
com.yahoo.mobile.client.android.mail,3389,0
com.linkedin.android,3355,0
com.yahoo.mobile.client.android.finance,3367,0
tv.pluto.android,3316,0
com.gamma.scan,3278,0
org.telegram.messenger.web,3550,0
com.whatsapp,3812,0
com.instagram.android,3585,0
com.facebook.orca,3616,0
com.zzkko,3422,0
com.disney.disneyplus,3335,0
com.snapchat.android,3352,0
com.facebook.lite,3315,0
com.ubercab,3415,0
com.mcdonalds.mobileapp,3318,0
com.netflix.mediaclient,3464,0
com.discord,3472,0
com.duolingo,3414,0
com.ebay.mobile,3736,0
com.outfit7.talkingnewsfree,3374,0
com.pinterest,3358,0
tv.twitch.android.app,3355,0
kjv.bible.kingjamesbible,3468,0
com.tinder,3424,0
com.expedia.bookings,3558,0
com.indeed.android.jobsearch,3327,0
com.contextlogic.wish,3393,0
com.alibaba.intl.android.apps.poseidon,3469,0
com.meditation.deepsleep.relax,3309,0
me.lyft.android,3275,0
com.yahoo.mobile.client.android.mail,3403,0
com.linkedin.android,3371,0
com.yahoo.mobile.client.android.finance,3396,0
tv.pluto.android,3486,0
com.gamma.scan,3351,0
org.telegram.messenger.web,3430,0
com.whatsapp,3501,0
com.instagram.android,3452,0
com.facebook.orca,3859,0
com.zzkko,3547,0
com.disney.disneyplus,3330,0
com.snapchat.android,3436,0
com.facebook.lite,3391,0
com.ubercab,3352,0
com.mcdonalds.mobileapp,3485,0
com.netflix.mediaclient,3401,0
com.discord,3306,0
com.duolingo,3503,0
com.ebay.mobile,3405,0
com.outfit7.talkingnewsfree,3360,0
com.pinterest,3456,0
tv.twitch.android.app,3441,0
kjv.bible.kingjamesbible,3433,0
com.tinder,3425,0
com.expedia.bookings,3443,0
com.indeed.android.jobsearch,3458,0
com.contextlogic.wish,3395,0
com.alibaba.intl.android.apps.poseidon,3430,0
com.meditation.deepsleep.relax,3367,0
me.lyft.android,3335,0
com.yahoo.mobile.client.android.mail,3382,0
com.linkedin.android,3384,0
com.yahoo.mobile.client.android.finance,3452,0
tv.pluto.android,3348,0
com.gamma.scan,3237,0
org.telegram.messenger.web,3419,0
com.whatsapp,3551,0
com.instagram.android,3869,0
com.facebook.orca,3614,0
com.zzkko,3390,0
com.disney.disneyplus,3374,0
com.snapchat.android,3505,0
com.facebook.lite,3318,0
com.ubercab,3474,0
com.mcdonalds.mobileapp,3264,0
com.netflix.mediaclient,3328,0
com.discord,3313,0
com.duolingo,3394,0
com.ebay.mobile,3414,0
com.outfit7.talkingnewsfree,3367,0
com.pinterest,3391,0
tv.twitch.android.app,3368,0
kjv.bible.kingjamesbible,3429,0
com.tinder,3432,0
com.expedia.bookings,3771,0
com.indeed.android.jobsearch,3452,0
com.contextlogic.wish,3384,0
com.alibaba.intl.android.apps.poseidon,3448,0
com.meditation.deepsleep.relax,3479,0
me.lyft.android,3309,0
com.yahoo.mobile.client.android.mail,3376,0
com.linkedin.android,3363,0
com.yahoo.mobile.client.android.finance,3389,0
tv.pluto.android,3575,0
com.gamma.scan,3365,0
org.telegram.messenger.web,3401,0
com.whatsapp,3609,0
com.instagram.android,3410,0
com.facebook.orca,3611,0
com.zzkko,3427,0
com.disney.disneyplus,3287,0
com.snapchat.android,3461,0
com.facebook.lite,3379,0
com.ubercab,3362,0
com.mcdonalds.mobileapp,3972,0
com.netflix.mediaclient,3592,0
com.discord,3401,0
com.duolingo,3411,0
com.ebay.mobile,3400,0
com.outfit7.talkingnewsfree,3509,0
com.pinterest,3340,0
tv.twitch.android.app,3404,0
kjv.bible.kingjamesbible,3454,0
com.tinder,3439,0
com.expedia.bookings,3415,0
com.indeed.android.jobsearch,3372,0
com.contextlogic.wish,3371,0
com.alibaba.intl.android.apps.poseidon,3632,0
com.meditation.deepsleep.relax,3381,0
me.lyft.android,3330,0
com.yahoo.mobile.client.android.mail,3612,0
com.linkedin.android,3398,0
com.yahoo.mobile.client.android.finance,3374,0
tv.pluto.android,3383,0
com.gamma.scan,3284,0
org.telegram.messenger.web,3377,0
com.whatsapp,3681,0
com.instagram.android,3611,0
com.facebook.orca,3666,0
com.zzkko,3393,0
com.disney.disneyplus,3379,0
com.snapchat.android,3681,0
com.facebook.lite,3366,0
com.ubercab,3351,0
com.mcdonalds.mobileapp,3417,0
com.netflix.mediaclient,3363,0
com.discord,3319,0
com.duolingo,3606,0
com.ebay.mobile,3390,0
com.outfit7.talkingnewsfree,3403,0
com.pinterest,3346,0
tv.twitch.android.app,3331,0
kjv.bible.kingjamesbible,3402,0
com.tinder,3524,0
com.expedia.bookings,3378,0
com.indeed.android.jobsearch,3644,0
com.contextlogic.wish,3402,0
com.alibaba.intl.android.apps.poseidon,3428,0
com.meditation.deepsleep.relax,3377,0
me.lyft.android,3330,0
com.yahoo.mobile.client.android.mail,3337,0
com.linkedin.android,3392,0
com.yahoo.mobile.client.android.finance,3375,0
tv.pluto.android,3333,0
com.gamma.scan,3299,0
org.telegram.messenger.web,3761,0
com.whatsapp,3674,0
com.instagram.android,3511,0
com.facebook.orca,3562,0
com.zzkko,3404,0
com.disney.disneyplus,3442,0
com.snapchat.android,3433,0
com.facebook.lite,3593,0
com.ubercab,3344,0
com.mcdonalds.mobileapp,3314,0
com.netflix.mediaclient,3577,0
com.discord,3304,0
com.duolingo,3466,0
com.ebay.mobile,3463,0
com.outfit7.talkingnewsfree,3349,0
com.pinterest,3372,0
tv.twitch.android.app,3497,0
kjv.bible.kingjamesbible,3426,0
com.tinder,3338,0
com.expedia.bookings,3402,0
com.indeed.android.jobsearch,3328,0
com.contextlogic.wish,3375,0
com.alibaba.intl.android.apps.poseidon,3517,0
com.meditation.deepsleep.relax,3363,0
me.lyft.android,3309,0
com.yahoo.mobile.client.android.mail,3353,0
com.linkedin.android,3380,0
com.yahoo.mobile.client.android.finance,3880,0
tv.pluto.android,3389,0
com.gamma.scan,3428,0
org.telegram.messenger.web,3359,0
com.whatsapp,3468,0
com.instagram.android,3487,0
com.facebook.orca,3596,0
com.zzkko,3624,0
com.disney.disneyplus,3342,0
com.snapchat.android,3343,0
com.facebook.lite,3330,0
com.ubercab,3559,0
com.mcdonalds.mobileapp,3376,0
com.netflix.mediaclient,3485,0
com.discord,3363,0
com.duolingo,3390,0
com.ebay.mobile,3453,0
com.outfit7.talkingnewsfree,3511,0
com.pinterest,3332,0
tv.twitch.android.app,3343,0
kjv.bible.kingjamesbible,3433,0
com.tinder,3399,0
com.expedia.bookings,3418,0
com.indeed.android.jobsearch,3615,0
com.contextlogic.wish,3339,0
com.alibaba.intl.android.apps.poseidon,3409,0
com.meditation.deepsleep.relax,3390,0
me.lyft.android,3311,0
com.yahoo.mobile.client.android.mail,3427,0
com.linkedin.android,3630,0
com.yahoo.mobile.client.android.finance,3437,0
tv.pluto.android,3378,0
com.gamma.scan,3299,0
org.telegram.messenger.web,3341,0
com.whatsapp,3616,0
com.instagram.android,3422,0
com.facebook.orca,4269,0
com.zzkko,3408,0
com.disney.disneyplus,3355,0
com.snapchat.android,3670,0
com.facebook.lite,3721,0
com.ubercab,3399,0
com.mcdonalds.mobileapp,3316,0
com.netflix.mediaclient,3498,0
com.discord,3315,0
com.duolingo,3461,0
com.ebay.mobile,3468,0
com.outfit7.talkingnewsfree,3315,0
com.pinterest,3413,0
tv.twitch.android.app,3332,0
kjv.bible.kingjamesbible,3407,0
com.tinder,3567,0
com.expedia.bookings,3485,0
com.indeed.android.jobsearch,3353,0
com.contextlogic.wish,3411,0
com.alibaba.intl.android.apps.poseidon,3447,0
com.meditation.deepsleep.relax,3325,0
me.lyft.android,3339,0
com.yahoo.mobile.client.android.mail,3349,0
com.linkedin.android,3373,0
com.yahoo.mobile.client.android.finance,3404,0
tv.pluto.android,3338,0
com.gamma.scan,3590,0
org.telegram.messenger.web,3354,0
com.whatsapp,3671,0
com.instagram.android,3469,0
com.facebook.orca,3634,0
com.zzkko,3414,0
com.disney.disneyplus,3307,0
com.snapchat.android,3366,0
com.facebook.lite,3439,0
com.ubercab,3368,0
com.mcdonalds.mobileapp,3415,0
com.netflix.mediaclient,3431,0
com.discord,3333,0
com.duolingo,3372,0
com.ebay.mobile,3496,0
com.outfit7.talkingnewsfree,3364,0
com.pinterest,3366,0
tv.twitch.android.app,3323,0
kjv.bible.kingjamesbible,3371,0
com.tinder,3312,0
com.expedia.bookings,3478,0
com.indeed.android.jobsearch,3271,0
com.contextlogic.wish,3416,0
com.alibaba.intl.android.apps.poseidon,3572,0
com.meditation.deepsleep.relax,3711,0
me.lyft.android,3526,0
com.yahoo.mobile.client.android.mail,3365,0
com.linkedin.android,3402,0
com.yahoo.mobile.client.android.finance,3615,0
tv.pluto.android,3416,0
com.gamma.scan,3385,0
org.telegram.messenger.web,3410,0
com.whatsapp,3490,0
com.instagram.android,3505,0
com.facebook.orca,3745,0
com.zzkko,3424,0
com.disney.disneyplus,3329,0
com.snapchat.android,3407,0
com.facebook.lite,3311,0
com.ubercab,3487,0
com.mcdonalds.mobileapp,3296,0
com.netflix.mediaclient,3361,0
com.discord,3347,0
com.duolingo,3402,0
com.ebay.mobile,3423,0
com.outfit7.talkingnewsfree,3411,0
com.pinterest,3366,0
tv.twitch.android.app,3412,0
kjv.bible.kingjamesbible,3375,0
com.tinder,3398,0
com.expedia.bookings,3419,0
com.indeed.android.jobsearch,3583,0
com.contextlogic.wish,3451,0
com.alibaba.intl.android.apps.poseidon,3523,0
com.meditation.deepsleep.relax,3392,0
me.lyft.android,3316,0
com.yahoo.mobile.client.android.mail,3408,0
com.linkedin.android,3410,0
com.yahoo.mobile.client.android.finance,3673,0
tv.pluto.android,3333,0
com.gamma.scan,3274,0
org.telegram.messenger.web,3454,0
com.whatsapp,3789,0
com.instagram.android,3494,0
com.facebook.orca,3634,0
com.zzkko,3496,0
com.disney.disneyplus,3349,0
com.snapchat.android,3556,0
com.facebook.lite,3302,0
com.ubercab,3410,0
com.mcdonalds.mobileapp,3296,0
com.netflix.mediaclient,3381,0
com.discord,3753,0
com.duolingo,3569,0
com.ebay.mobile,3421,0
com.outfit7.talkingnewsfree,3419,0
com.pinterest,3362,0
tv.twitch.android.app,3372,0
kjv.bible.kingjamesbible,3675,0
com.tinder,3679,0
com.expedia.bookings,3461,0
com.indeed.android.jobsearch,3321,0
com.contextlogic.wish,3384,0
com.alibaba.intl.android.apps.poseidon,3544,0
com.meditation.deepsleep.relax,3349,0
me.lyft.android,3307,0
com.yahoo.mobile.client.android.mail,3425,0
com.linkedin.android,3374,0
com.yahoo.mobile.client.android.finance,3391,0
tv.pluto.android,3317,0
com.gamma.scan,3449,0
org.telegram.messenger.web,3359,0
com.whatsapp,3483,0
com.instagram.android,3494,0
com.facebook.orca,3856,0
com.zzkko,3404,0
com.disney.disneyplus,3358,0
com.snapchat.android,3865,0
com.facebook.lite,3349,0
com.ubercab,3352,0
com.mcdonalds.mobileapp,3485,0
com.netflix.mediaclient,3339,0
com.discord,3537,0
com.duolingo,3407,0
com.ebay.mobile,3438,0
com.outfit7.talkingnewsfree,3514,0
com.pinterest,3347,0
tv.twitch.android.app,3641,0
kjv.bible.kingjamesbible,3345,0
com.tinder,3371,0
com.expedia.bookings,3366,0
com.indeed.android.jobsearch,3416,0
com.contextlogic.wish,3379,0
com.alibaba.intl.android.apps.poseidon,3569,0
com.meditation.deepsleep.relax,3368,0
me.lyft.android,3358,0
com.yahoo.mobile.client.android.mail,3444,0
com.linkedin.android,3757,0
com.yahoo.mobile.client.android.finance,3393,0
tv.pluto.android,3287,0
com.gamma.scan,3305,0
org.telegram.messenger.web,3347,0
com.whatsapp,3529,0
com.instagram.android,3412,0
com.facebook.orca,3823,0
com.zzkko,3394,0
com.disney.disneyplus,3323,0
com.snapchat.android,3719,0
com.facebook.lite,3303,0
com.ubercab,3346,0
com.mcdonalds.mobileapp,3631,0
com.netflix.mediaclient,3351,0
com.discord,3330,0
com.duolingo,3653,0
com.ebay.mobile,3400,0
com.outfit7.talkingnewsfree,3555,0
com.pinterest,3405,0
tv.twitch.android.app,3399,0
kjv.bible.kingjamesbible,3384,0
com.tinder,3492,0
com.expedia.bookings,3348,0
com.indeed.android.jobsearch,3390,0
com.contextlogic.wish,3376,0
com.alibaba.intl.android.apps.poseidon,3475,0
com.meditation.deepsleep.relax,3603,0
me.lyft.android,3339,0
com.yahoo.mobile.client.android.mail,3378,0
com.linkedin.android,3388,0
com.yahoo.mobile.client.android.finance,3393,0
tv.pluto.android,3328,0
com.gamma.scan,3342,0
org.telegram.messenger.web,3660,0
com.whatsapp,3586,0
com.instagram.android,3468,0
com.facebook.orca,3971,0
com.zzkko,3381,0
com.disney.disneyplus,3347,0
com.snapchat.android,3533,0
com.facebook.lite,3303,0
com.ubercab,3376,0
com.mcdonalds.mobileapp,3467,0
com.netflix.mediaclient,3736,0
com.discord,3251,0
com.duolingo,3568,0
com.ebay.mobile,3411,0
com.outfit7.talkingnewsfree,3342,0
com.pinterest,3388,0
tv.twitch.android.app,3412,0
kjv.bible.kingjamesbible,3515,0
com.tinder,3365,0
com.expedia.bookings,3384,0
com.indeed.android.jobsearch,3435,0
com.contextlogic.wish,3405,0
com.alibaba.intl.android.apps.poseidon,3420,0
com.meditation.deepsleep.relax,3429,0
me.lyft.android,3298,0
com.yahoo.mobile.client.android.mail,3373,0
com.linkedin.android,3700,0
com.yahoo.mobile.client.android.finance,3510,0
tv.pluto.android,3410,0
com.gamma.scan,3277,0
org.telegram.messenger.web,3408,0
com.whatsapp,3657,0
com.instagram.android,3500,0
com.facebook.orca,3651,0
com.zzkko,3382,0
com.disney.disneyplus,3314,0
com.snapchat.android,3810,0
com.facebook.lite,3364,0
com.ubercab,3484,0
com.mcdonalds.mobileapp,3356,0
com.netflix.mediaclient,3500,0
com.discord,3348,0
com.duolingo,3658,0
com.ebay.mobile,3626,0
com.outfit7.talkingnewsfree,3397,0
com.pinterest,3329,0
tv.twitch.android.app,3360,0
kjv.bible.kingjamesbible,3413,0
com.tinder,3429,0
com.expedia.bookings,3395,0
com.indeed.android.jobsearch,3282,0
com.contextlogic.wish,3481,0
com.alibaba.intl.android.apps.poseidon,3451,0
com.meditation.deepsleep.relax,3355,0
me.lyft.android,3441,0
com.yahoo.mobile.client.android.mail,3421,0
com.linkedin.android,3358,0
com.yahoo.mobile.client.android.finance,3569,0
tv.pluto.android,3336,0
com.gamma.scan,3273,0
org.telegram.messenger.web,3592,0
com.whatsapp,3468,0
com.instagram.android,3462,0
com.facebook.orca,3650,0
com.zzkko,3410,0
com.disney.disneyplus,3710,0
com.snapchat.android,3364,0
com.facebook.lite,3420,0
com.ubercab,3367,0
com.mcdonalds.mobileapp,3338,0
com.netflix.mediaclient,3549,0
com.discord,3328,0
com.duolingo,3444,0
com.ebay.mobile,3517,0
com.outfit7.talkingnewsfree,3328,0
com.pinterest,3354,0
tv.twitch.android.app,3438,0
kjv.bible.kingjamesbible,3355,0
com.tinder,3354,0
com.expedia.bookings,3448,0
com.indeed.android.jobsearch,3293,0
com.contextlogic.wish,3428,0
com.alibaba.intl.android.apps.poseidon,3463,0
com.meditation.deepsleep.relax,3447,0
me.lyft.android,3420,0
com.yahoo.mobile.client.android.mail,3372,0
com.linkedin.android,3380,0
com.yahoo.mobile.client.android.finance,3504,0
tv.pluto.android,3720,0
com.gamma.scan,3380,0
org.telegram.messenger.web,3434,0
com.whatsapp,3495,0
com.instagram.android,3689,0
com.facebook.orca,3722,0
com.zzkko,3441,0
com.disney.disneyplus,3288,0
com.snapchat.android,3512,0
com.facebook.lite,3573,0
com.ubercab,3367,0
com.mcdonalds.mobileapp,3278,0
com.netflix.mediaclient,3434,0
com.discord,3339,0
com.duolingo,3357,0
com.ebay.mobile,3501,0
com.outfit7.talkingnewsfree,3374,0
com.pinterest,3330,0
tv.twitch.android.app,3372,0
kjv.bible.kingjamesbible,3371,0
com.tinder,3362,0
com.expedia.bookings,3622,0
com.indeed.android.jobsearch,3344,0
com.contextlogic.wish,3443,0
com.alibaba.intl.android.apps.poseidon,3438,0
com.meditation.deepsleep.relax,3376,0
me.lyft.android,3526,0
com.yahoo.mobile.client.android.mail,3360,0
com.linkedin.android,3416,0
com.yahoo.mobile.client.android.finance,3396,0
tv.pluto.android,3328,0
com.gamma.scan,3329,0
org.telegram.messenger.web,3379,0
com.whatsapp,3717,0
com.instagram.android,3549,0
com.facebook.orca,3661,0
com.zzkko,3974,0
com.disney.disneyplus,3321,0
com.snapchat.android,3746,0
com.facebook.lite,3365,0
com.ubercab,3382,0
com.mcdonalds.mobileapp,3319,0
com.netflix.mediaclient,3480,0
com.discord,3422,0
com.duolingo,3348,0
com.ebay.mobile,3443,0
com.outfit7.talkingnewsfree,3331,0
com.pinterest,3493,0
tv.twitch.android.app,3366,0
kjv.bible.kingjamesbible,3665,0
com.tinder,3397,0
com.expedia.bookings,3400,0
com.indeed.android.jobsearch,3483,0
com.contextlogic.wish,3410,0
com.alibaba.intl.android.apps.poseidon,3455,0
com.meditation.deepsleep.relax,3368,0
me.lyft.android,3333,0
com.yahoo.mobile.client.android.mail,3716,0
com.linkedin.android,3436,0
com.yahoo.mobile.client.android.finance,3967,0
tv.pluto.android,3345,0
com.gamma.scan,3308,0
org.telegram.messenger.web,3504,0
com.whatsapp,3450,0
com.instagram.android,3625,0
com.facebook.orca,3650,0
com.zzkko,3366,0
com.disney.disneyplus,3378,0
com.snapchat.android,3466,0
com.facebook.lite,3365,0
com.ubercab,3582,0
com.mcdonalds.mobileapp,3312,0
com.netflix.mediaclient,3346,0
com.discord,3311,0
com.duolingo,3468,0
com.ebay.mobile,3467,0
com.outfit7.talkingnewsfree,3291,0
com.pinterest,3413,0
tv.twitch.android.app,3441,0
kjv.bible.kingjamesbible,3373,0
com.tinder,3735,0
com.expedia.bookings,3383,0
com.indeed.android.jobsearch,3311,0
com.contextlogic.wish,3427,0
com.alibaba.intl.android.apps.poseidon,3472,0
com.meditation.deepsleep.relax,3381,0
me.lyft.android,3454,0
com.yahoo.mobile.client.android.mail,3383,0
com.linkedin.android,3566,0
com.yahoo.mobile.client.android.finance,3383,0
tv.pluto.android,3328,0
